timestamp,vibration,temperature,label
2025-08-13 00:00:00,0.5248357076505616,40.19886438060023,0
2025-08-13 00:01:00,0.49308678494144076,40.3520421572456,0
2025-08-13 00:02:00,0.5323844269050346,40.05430646761111,0
2025-08-13 00:03:00,0.5761514928204012,39.610950415613246,0
2025-08-13 00:04:00,0.4882923312638332,40.119906385525795,0
2025-08-13 00:05:00,0.488293152152541,39.80459293186245,0
2025-08-13 00:06:00,0.5789606407753696,39.84141499547507,0
2025-08-13 00:07:00,0.5383717364576455,40.175909205626525,0
2025-08-13 00:08:00,0.47652628070325237,40.37148492143009,0
2025-08-13 00:09:00,0.5271280021792982,40.00638147302082,0
2025-08-13 00:10:00,0.4768291153593769,40.09264990377969,0
2025-08-13 00:11:00,0.4767135123214872,40.51066448339057,0
2025-08-13 00:12:00,0.5120981135783017,40.07222595384657,0
2025-08-13 00:13:00,0.4043359877671101,40.78050493425412,0
2025-08-13 00:14:00,0.41375410837434834,40.16965289368947,0
2025-08-13 00:15:00,0.4718856235379514,39.471771172253256,0
2025-08-13 00:16:00,0.4493584439832788,40.22600248633136,0
2025-08-13 00:17:00,0.5157123666297637,40.114347515464836,0
2025-08-13 00:18:00,0.45459879622393945,40.386925826224825,0
2025-08-13 00:19:00,0.42938481493323544,40.20195440538099,0
2025-08-13 00:20:00,0.5732824384460777,39.958463204804865,0
2025-08-13 00:21:00,0.48871118497567323,39.63271052911319,0
2025-08-13 00:22:00,0.5033764102343962,39.937293022814195,0
2025-08-13 00:23:00,0.42876259068932715,39.74484386373721,0
2025-08-13 00:24:00,0.47278086377374084,39.825842965058584,0
2025-08-13 00:25:00,0.5055461294854933,40.17657352132618,0
2025-08-13 00:26:00,0.4424503211288848,40.500971351305424,0
2025-08-13 00:27:00,0.5187849009172836,40.11840145894689,0
2025-08-13 00:28:00,0.46996806550405973,39.641235081389446,0
2025-08-13 00:29:00,0.48541531251033615,40.13338080046604,0
2025-08-13 00:30:00,0.46991466938853016,40.35898944599369,0
2025-08-13 00:31:00,0.5926139092254469,39.817065128704186,0
2025-08-13 00:32:00,0.4993251387631033,39.959794849998126,0
2025-08-13 00:33:00,0.44711445355220497,40.00440645841876,0
2025-08-13 00:34:00,0.5411272456051595,39.76453050607533,0
2025-08-13 00:35:00,0.4389578175014489,40.19448413015316,0
2025-08-13 00:36:00,0.5104431797502378,39.963715555417664,0
2025-08-13 00:37:00,0.40201649380601123,40.125859733172106,0
2025-08-13 00:38:00,0.43359069755507845,39.73375234665937,0
2025-08-13 00:39:00,0.5098430617934562,39.86876250990298,0
2025-08-13 00:40:00,0.5369233289997706,40.216714407348334,0
2025-08-13 00:41:00,0.5085684140594985,39.88815005437247,0
2025-08-13 00:42:00,0.49421758588058795,40.51808915537002,0
2025-08-13 00:43:00,0.48494481522053556,39.88010914431562,0
2025-08-13 00:44:00,0.42607390048162863,40.06740541772557,0
2025-08-13 00:45:00,0.46400778958026456,40.279777249561924,0
2025-08-13 00:46:00,0.47696806145201065,39.57449028012009,0
2025-08-13 00:47:00,0.5528561113109458,39.47175735640577,0
2025-08-13 00:48:00,0.5171809144784231,39.542303105628974,0
2025-08-13 00:49:00,0.4118479922318633,40.37877523102816,0
2025-08-13 00:50:00,0.5162041984697398,39.83444255623227,0
2025-08-13 00:51:00,0.48074588597918416,40.767459785700474,0
2025-08-13 00:52:00,0.4661538999847021,39.83072572040278,0
2025-08-13 00:53:00,0.5305838144420434,40.05536539095911,0
2025-08-13 00:54:00,0.5515499761247975,40.46263298577036,0
2025-08-13 00:55:00,0.5465640059558099,40.601827866447735,0
2025-08-13 00:56:00,0.4580391238388681,40.61845107299092,0
2025-08-13 00:57:00,0.4845393812074393,40.36250986917794,0
2025-08-13 00:58:00,0.5165631715701782,40.30721875774344,0
2025-08-13 00:59:00,0.548777256356118,40.177758084760356,0
2025-08-13 01:00:00,0.4760412881077355,40.23350832284999,0
2025-08-13 01:01:00,0.49071705116680914,39.83464428510144,0
2025-08-13 01:02:00,0.4446832512996986,39.754540334973306,0
2025-08-13 01:03:00,0.44018966879596644,39.99898766277671,0
2025-08-13 01:04:00,0.54062629111971,39.948944613242524,0
2025-08-13 01:05:00,0.5678120014285412,39.864031585201815,0
2025-08-13 01:06:00,0.4963994939209833,40.208916234237016,0
2025-08-13 01:07:00,0.5501766448946012,40.286591562571154,0
2025-08-13 01:08:00,0.5180818012523817,40.026522065887555,0
2025-08-13 01:09:00,0.46774401226974377,40.44325902431658,0
2025-08-13 01:10:00,0.5180697802754207,39.657493265759946,0
2025-08-13 01:11:00,0.5769018283232985,39.94190216221608,0
2025-08-13 01:12:00,0.4982086980445024,39.78495330381916,0
2025-08-13 01:13:00,0.5782321827907003,39.44003901487808,0
2025-08-13 01:14:00,0.36901274479551277,39.97519579424719,0
2025-08-13 01:15:00,0.5410951252187612,39.96347574748501,0
2025-08-13 01:16:00,0.5043523534119085,40.45403492297264,0
2025-08-13 01:17:00,0.4850496324767066,40.189243505366434,0
2025-08-13 01:18:00,0.5045880388267752,39.692743952701235,0
2025-08-13 01:19:00,0.4006215542699554,40.556227769900254,0
2025-08-13 01:20:00,0.4890164056081244,40.36631010865761,0
2025-08-13 01:21:00,0.5178556285755873,40.17462931104058,0
2025-08-13 01:22:00,0.5738947022370758,39.93205477034505,0
2025-08-13 01:23:00,0.4740864890863176,39.712168228982954,0
2025-08-13 01:24:00,0.4595753198553406,39.888337967178686,0
2025-08-13 01:25:00,0.4749121478207732,40.326624585911254,0
2025-08-13 01:26:00,0.5457701058851037,40.565375891780384,0
2025-08-13 01:27:00,0.5164375554829842,40.46297305848166,0
2025-08-13 01:28:00,0.47351198981164805,39.85334517346412,0
2025-08-13 01:29:00,0.5256633716556678,39.6641147700133,0
2025-08-13 01:30:00,0.5048538774674021,40.04226587407336,0
2025-08-13 01:31:00,0.5484322495266445,39.46946819033114,0
2025-08-13 01:32:00,0.46489734530613236,40.09695031425544,0
2025-08-13 01:33:00,0.4836168926701116,39.955719224110396,0
2025-08-13 01:34:00,0.4803945923433921,39.860189049439526,0
2025-08-13 01:35:00,0.42682425259339407,39.52158907981996,0
2025-08-13 01:36:00,0.5148060138532288,40.15408003197091,0
2025-08-13 01:37:00,0.5130527636089944,39.84018974810142,0
2025-08-13 01:38:00,0.500255672832123,39.64902494928691,0
2025-08-13 01:39:00,0.48827064333124265,39.13832133601551,0
2025-08-13 01:40:00,0.42923146289747927,39.991745528484806,0
2025-08-13 01:41:00,0.478967733861732,40.531675479000924,0
2025-08-13 01:42:00,0.4828642741736615,40.49837776436436,0
2025-08-13 01:43:00,0.4598861365389191,39.86287112302412,0
2025-08-13 01:44:00,0.49193571441669953,39.81933638189147,0
2025-08-13 01:45:00,0.5202025428407269,40.14063227682251,0
2025-08-13 01:46:00,0.5943092950605265,39.700484368243515,0
2025-08-13 01:47:00,0.508728890641592,40.09053756994584,0
2025-08-13 01:48:00,0.5128775195361382,40.22982408351541,0
2025-08-13 01:49:00,0.49627770421169165,40.36807996716529,0
2025-08-13 01:50:00,0.4040614392350479,39.96995377705601,0
2025-08-13 01:51:00,0.49867430622753917,39.93889787494691,0
2025-08-13 01:52:00,0.5030115104970513,39.73660522397303,0
2025-08-13 01:53:00,0.6231621056242643,39.751935893788044,0
2025-08-13 01:54:00,0.4903819517609439,39.93205633242954,0
2025-08-13 01:55:00,0.5150773671166806,40.11020965204485,0
2025-08-13 01:56:00,0.4982644115147378,40.27407538786998,0
2025-08-13 01:57:00,0.44156609811902336,39.759046314795896,0
2025-08-13 01:58:00,0.557141140725751,40.44780657068786,0
2025-08-13 01:59:00,0.5375966516343387,39.91866291968723,0
2025-08-13 02:00:00,0.5395515973521523,39.99358981169547,0
2025-08-13 02:01:00,0.45453062726026305,39.77583649625565,0
2025-08-13 02:02:00,0.570139715546805,39.27272792191812,0
2025-08-13 02:03:00,0.42990744686038596,40.26521361890831,0
2025-08-13 02:04:00,0.5293428546900135,40.22105316912773,0
2025-08-13 02:05:00,0.609522781290499,39.91560173286454,0
2025-08-13 02:06:00,0.45047318374346557,40.02009721516746,0
2025-08-13 02:07:00,0.4716851135198614,40.15478176531123,0
2025-08-13 02:08:00,0.504982568254382,39.531236242934035,0
2025-08-13 02:09:00,0.47482621729419006,39.84128419679611,0
2025-08-13 02:10:00,0.42246682844669337,40.23827940388655,0
2025-08-13 02:11:00,0.5034281487403014,39.623713173049225,0
2025-08-13 02:12:00,0.44688481431369476,40.08806737964999,0
2025-08-13 02:13:00,0.5236796215317591,39.59302545861298,0
2025-08-13 02:14:00,0.45402878828830984,40.139928994730056,0
2025-08-13 02:15:00,0.577496720250877,39.98930755531075,0
2025-08-13 02:16:00,0.46083733538318816,39.51546045522835,0
2025-08-13 02:17:00,0.4838969241897162,40.349421806337155,0
2025-08-13 02:18:00,0.5406758608684835,39.77962252696059,0
2025-08-13 02:19:00,0.43845678417830225,39.75692426889569,0
2025-08-13 02:20:00,0.5113729967302064,40.06017075916928,0
2025-08-13 02:21:00,0.5653571377141214,40.34459120482862,0
2025-08-13 02:22:00,0.4196258382719386,39.69525345430648,0
2025-08-13 02:23:00,0.5092316929266152,40.01850395495439,0
2025-08-13 02:24:00,0.5129941397124211,40.12864495009917,0
2025-08-13 02:25:00,0.5390911435888656,40.207931682178945,0
2025-08-13 02:26:00,0.4381524644560959,40.052932466583165,0
2025-08-13 02:27:00,0.4339771693457862,39.889891648275004,0
2025-08-13 02:28:00,0.5260970782808448,39.75172293380538,0
2025-08-13 02:29:00,0.5148492336616594,40.025843164913915,0
2025-08-13 02:30:00,0.5125246425172938,39.67835829640432,0
2025-08-13 02:31:00,0.5173224104748488,39.12359485495162,0
2025-08-13 02:32:00,0.4659987639210755,40.1309679412473,0
2025-08-13 02:33:00,0.5116126848580502,40.27118045232586,0
2025-08-13 02:34:00,0.5146536236649341,39.29112026933745,0
2025-08-13 02:35:00,0.4642824290986816,39.697080788587016,0
2025-08-13 02:36:00,0.5932887255572379,40.18574627830156,0
2025-08-13 02:37:00,0.5236916460455894,40.61724864091351,0
2025-08-13 02:38:00,0.44043482513986754,40.006238112302626,0
2025-08-13 02:39:00,0.5328276804316915,39.78159911763126,0
2025-08-13 02:40:00,0.4512659164886339,39.94513106766855,0
2025-08-13 02:41:00,0.5393542301871226,40.41246292574446,0
2025-08-13 02:42:00,0.5579297789503702,39.80621074626264,0
2025-08-13 02:43:00,0.45896588408241445,39.76024239800493,0
2025-08-13 02:44:00,0.5481688064622161,39.85517694334539,0
2025-08-13 02:45:00,0.5206390463468249,39.71400141752239,0
2025-08-13 02:46:00,0.5411030079997246,40.03680109479844,0
2025-08-13 02:47:00,0.5948396491326974,40.48740353754087,0
2025-08-13 02:48:00,0.4877305941998565,40.096923781934805,0
2025-08-13 02:49:00,0.4623131917821255,39.92429394936212,0
2025-08-13 02:50:00,0.45552427851872385,39.91245661932534,0
2025-08-13 02:51:00,0.4592094857517281,39.531042757391006,0
2025-08-13 02:52:00,0.49614491452929477,40.264932933144145,0
2025-08-13 02:53:00,0.5170575987408322,39.97664884089616,0
2025-08-13 02:54:00,0.513834539966501,39.945856025922815,0
2025-08-13 02:55:00,0.5413591624518012,40.95793227035346,0
2025-08-13 02:56:00,0.5006500945938953,40.08962587250971,0
2025-08-13 02:57:00,0.5726767038578658,39.774462684971446,0
2025-08-13 02:58:00,0.4867671583381022,39.87209272113834,0
2025-08-13 02:59:00,0.6360084583294809,40.344533712759024,0
2025-08-13 03:00:00,0.5312833673882503,40.03398112316133,0
2025-08-13 03:01:00,0.4571421221791859,39.56851660650479,0
2025-08-13 03:02:00,0.4464553750969444,40.27576868037256,0
2025-08-13 03:03:00,0.5241236207621592,39.7995567743383,0
2025-08-13 03:04:00,0.48882686073370746,40.56198933286527,0
2025-08-13 03:05:00,0.5357000247046046,40.324014419714395,0
2025-08-13 03:06:00,0.5236618812286773,39.865803431302375,0
2025-08-13 03:07:00,0.49635855436715637,40.384304908520534,0
2025-08-13 03:08:00,0.45766031409657976,40.020356653158224,0
2025-08-13 03:09:00,0.42425763876570677,40.255832102536665,0
2025-08-13 03:10:00,0.47767425239664896,40.14541984518834,0
2025-08-13 03:11:00,0.5428199397161736,39.746093003502736,0
2025-08-13 03:12:00,0.5107046872065102,39.80693505030476,0
2025-08-13 03:13:00,0.4377130610644006,40.30898824527435,0
2025-08-13 03:14:00,0.5086590462925591,39.899567400368035,0
2025-08-13 03:15:00,0.5192658689864419,39.8789054610274,0
2025-08-13 03:16:00,0.45580712818994334,39.713463226195195,0
2025-08-13 03:17:00,0.5076862552972764,40.127079719678036,0
2025-08-13 03:18:00,0.5029104359223,40.618757475772945,0
2025-08-13 03:19:00,0.44285148510846883,39.67974012572372,0
2025-08-13 03:20:00,0.5178893680174141,40.007265837001825,0
2025-08-13 03:21:00,0.5280392263184117,40.42366616662463,0
2025-08-13 03:22:00,0.5541525621587639,39.976107582626284,0
2025-08-13 03:23:00,0.5526901026017451,40.13571153887492,0
2025-08-13 03:24:00,0.43111653160214547,39.68128194155594,0
2025-08-13 03:25:00,0.45310874800424383,40.1284921291623,0
2025-08-13 03:26:00,0.5257517633604329,39.94385672049864,0
2025-08-13 03:27:00,0.5256892975456104,40.29571899870396,0
2025-08-13 03:28:00,0.5257523843153024,40.356215815469426,0
2025-08-13 03:29:00,0.6926365745327361,40.77686909260559,0
2025-08-13 03:30:00,0.5285445255346584,40.17388995196407,0
2025-08-13 03:31:00,0.5567782820090299,40.09773889497465,0
2025-08-13 03:32:00,0.5477000881746601,40.0583152904732,0
2025-08-13 03:33:00,0.5325695625652899,39.89405011215679,0
2025-08-13 03:34:00,0.4842365377679827,40.10154515303851,0
2025-08-13 03:35:00,0.5379484610246634,39.91137957695829,0
2025-08-13 03:36:00,0.46135873927312143,40.05053829288089,0
2025-08-13 03:37:00,0.48815906966299955,40.395279260682386,0
2025-08-13 03:38:00,0.47573182260854485,39.698037230416105,0
2025-08-13 03:39:00,0.5040937069693161,40.34196356833871,0
2025-08-13 03:40:00,0.6157329283336754,40.39513452020196,0
2025-08-13 03:41:00,0.4066367403704126,39.96457944190268,0
2025-08-13 03:42:00,0.5343130095187256,39.363443530297424,0
2025-08-13 03:43:00,0.4193642064405174,39.81765340387167,0
2025-08-13 03:44:00,0.47640340671052833,40.38909836396833,0
2025-08-13 03:45:00,0.5544475298483683,39.99313958131034,0
2025-08-13 03:46:00,0.5032140009547731,39.70020933031153,0
2025-08-13 03:47:00,0.4461127611035347,39.84856752363154,0
2025-08-13 03:48:00,0.4642348145370016,40.252186007951366,0
2025-08-13 03:49:00,0.5339798874467337,40.16402007046042,0
2025-08-13 03:50:00,0.4634816684141432,39.92832037024909,0
2025-08-13 03:51:00,0.5108229294790988,39.88995267645559,0
2025-08-13 03:52:00,0.5022785919951906,39.88247255528685,0
2025-08-13 03:53:00,0.46741998261970913,39.72327694465045,0
2025-08-13 03:54:00,0.6071972044662663,40.484612706840835,0
2025-08-13 03:55:00,0.5316959511159005,39.9033038592366,0
2025-08-13 03:56:00,0.39874287066711966,40.36514755624765,0
2025-08-13 03:57:00,0.5093227157384714,40.456394815576736,0
2025-08-13 03:58:00,0.4669106767615806,40.29949326944439,0
2025-08-13 03:59:00,0.5426216667398112,39.870513906184584,0
2025-08-13 04:00:00,0.460373963078365,40.12111902710098,0
2025-08-13 04:01:00,0.49426317792665503,39.99274131808273,0
2025-08-13 04:02:00,0.5252493639490229,39.728889441780964,0
2025-08-13 04:03:00,0.5432877597085061,40.09730778451648,0
2025-08-13 04:04:00,0.4399851796472112,39.64628806265206,0
2025-08-13 04:05:00,0.4832749382079526,40.35630381653847,0
2025-08-13 04:06:00,0.4762527344419522,39.86061481081048,0
2025-08-13 04:07:00,0.4673335383713144,40.060347896761854,0
2025-08-13 04:08:00,0.5882727120140548,40.08498636146384,0
2025-08-13 04:09:00,0.5202490855480478,39.92232850788878,0
2025-08-13 04:10:00,0.4369558022832477,40.17600814044258,0
2025-08-13 04:11:00,0.5458930973527388,39.85752890301324,0
2025-08-13 04:12:00,0.6061078098506316,40.26138918923717,0
2025-08-13 04:13:00,0.5516232630275574,39.59620609592598,0
2025-08-13 04:14:00,0.4240315017022993,40.03791387386392,0
2025-08-13 04:15:00,0.4757882963566874,40.581678699717486,0
2025-08-13 04:16:00,0.5633455574593311,39.69990060261833,0
2025-08-13 04:17:00,0.46461652671906095,39.796676508842545,0
2025-08-13 04:18:00,0.5221909714073114,40.154172354897675,0
2025-08-13 04:19:00,0.5387317026714669,40.05387453458188,0
2025-08-13 04:20:00,0.4536534764210959,40.10518902978207,0
2025-08-13 04:21:00,0.49702373219691,40.1467561390443,0
2025-08-13 04:22:00,0.33793663299654636,40.190416440568534,0
2025-08-13 04:23:00,0.4487806179332855,40.33290995258687,0
2025-08-13 04:24:00,0.487371592430342,40.122945597078555,0
2025-08-13 04:25:00,0.4376108409017575,39.92762270361444,0
2025-08-13 04:26:00,0.5816205651965818,40.20177211036082,0
2025-08-13 04:27:00,0.42849293110196834,40.569964580468564,0
2025-08-13 04:28:00,0.4779977756651508,39.96020987608523,0
2025-08-13 04:29:00,0.5065370288643045,39.70764120859881,0
2025-08-13 04:30:00,0.5720636644533058,40.33212420078609,0
2025-08-13 04:31:00,0.42820689244102805,39.96388565081392,0
2025-08-13 04:32:00,0.5581581876077479,39.34819913619579,0
2025-08-13 04:33:00,0.5005116530509793,40.25422650314513,0
2025-08-13 04:34:00,0.45092456744760245,39.83940154421382,0
2025-08-13 04:35:00,0.5231051737131636,39.972840015308755,0
2025-08-13 04:36:00,0.5099529847786735,40.0995940991707,0
2025-08-13 04:37:00,0.46998915614206027,40.05714990393372,0
2025-08-13 04:38:00,0.5034901042495009,40.212835545141715,0
2025-08-13 04:39:00,0.480734320156912,39.86935408882905,0
2025-08-13 04:40:00,0.5056758672625624,40.15393173945282,0
2025-08-13 04:41:00,0.5331065337260523,39.922135996724826,0
2025-08-13 04:42:00,0.5793008408072676,40.22164314426625,0
2025-08-13 04:43:00,0.43810922505865757,40.18461024520391,0
2025-08-13 04:44:00,0.6066516687328134,39.719368389386624,0
2025-08-13 04:45:00,0.4023956100238749,40.32579463485251,0
2025-08-13 04:46:00,0.4924107452482208,39.839210966465785,0
2025-08-13 04:47:00,0.5294158603242288,40.24241733948434,0
2025-08-13 04:48:00,0.5140495933867516,40.1101861940204,0
2025-08-13 04:49:00,0.4688650240089703,40.551455103038535,0
2025-08-13 04:50:00,0.4895938874821362,39.932960205288445,0
2025-08-13 04:51:00,0.47534995326705837,39.89520496116454,0
2025-08-13 04:52:00,0.4705317621527894,39.99417411823368,0
2025-08-13 04:53:00,0.5424801048510512,39.90904606514972,0
2025-08-13 04:54:00,0.5178507742982523,40.23998257058261,0
2025-08-13 04:55:00,0.4653545202369673,39.515106817469025,0
2025-08-13 04:56:00,0.5449799937716625,39.683895274256095,0
2025-08-13 04:57:00,0.5153649760438305,39.67965912352624,0
2025-08-13 04:58:00,0.540643105941948,40.28509227759207,0
2025-08-13 04:59:00,0.5314814420961806,40.51318401177458,0
2025-08-13 05:00:00,0.8347271261213991,41.609249040634396,1
2025-08-13 05:01:00,0.9086388814445936,42.52698434460984,1
2025-08-13 05:02:00,1.1741140599063429,42.33392341113202,1
2025-08-13 05:03:00,1.3224410180308745,42.93185401761283,1
2025-08-13 05:04:00,1.019076230901064,42.58818312247983,1
2025-08-13 05:05:00,1.2994830951400198,43.2232719186748,1
2025-08-13 05:06:00,1.4035661514453714,43.46521399814298,1
2025-08-13 05:07:00,1.5502808494046945,43.69358227846465,1
2025-08-13 05:08:00,1.4785962776308055,44.486959154786355,1
2025-08-13 05:09:00,1.5666508043139364,44.6391925167316,1
2025-08-13 05:10:00,1.5904211410268725,43.67488965963073,1
2025-08-13 05:11:00,1.4777796305160753,44.232003089257596,1
2025-08-13 05:12:00,1.80270692372796,43.82069534248607,1
2025-08-13 05:13:00,1.7955484656789942,44.5951270767286,1
2025-08-13 05:14:00,1.8981520863764574,45.463179047917265,1
2025-08-13 05:15:00,2.2244431934945013,46.22535597834746,1
2025-08-13 05:16:00,1.7051735341020688,44.93882641467836,1
2025-08-13 05:17:00,2.0851614553515665,45.6582675236602,1
2025-08-13 05:18:00,1.9643866426074637,45.35624908844157,1
2025-08-13 05:19:00,2.0478667633629426,46.09567468048068,1
2025-08-13 05:20:00,2.074657548078486,47.09283871666524,1
2025-08-13 05:21:00,2.1104111410089645,46.29708286539978,1
2025-08-13 05:22:00,2.073900544809322,46.855690502091406,1
2025-08-13 05:23:00,2.3580830578543948,46.142107421380665,1
2025-08-13 05:24:00,2.067212530488616,47.01128669074872,1
2025-08-13 05:25:00,2.332297204061508,46.301385454702434,1
2025-08-13 05:26:00,2.3829527698531443,48.02722087339963,1
2025-08-13 05:27:00,2.341960816178726,45.990127809281475,1
2025-08-13 05:28:00,2.4503072691555907,47.6871031065441,1
2025-08-13 05:29:00,2.6699527099699845,47.29892693967252,1
2025-08-13 05:30:00,2.5073926141944933,48.7699241460313,1
2025-08-13 05:31:00,2.6012390535030807,49.25619334748584,1
2025-08-13 05:32:00,2.5896689593124975,48.610643246565274,1
2025-08-13 05:33:00,2.749626407109064,49.58811611938163,1
2025-08-13 05:34:00,2.8737170169601645,48.27715953823714,1
2025-08-13 05:35:00,2.982636219382739,49.65716202507875,1
2025-08-13 05:36:00,2.7950148994566066,49.66718043947399,1
2025-08-13 05:37:00,2.9533602909572436,49.46035490701959,1
2025-08-13 05:38:00,2.981735377949727,50.233891201108094,1
2025-08-13 05:39:00,3.101400950546103,49.23912694983203,1
2025-08-13 05:40:00,0.45888898022167846,39.57810476089845,0
2025-08-13 05:41:00,0.5121843605745956,39.97506832821139,0
2025-08-13 05:42:00,0.5122483285554361,39.5485838877907,0
2025-08-13 05:43:00,0.4746528412314435,40.22801678910688,0
2025-08-13 05:44:00,0.47644808471908384,40.02473192588035,0
2025-08-13 05:45:00,0.5116024968678818,39.56273455016052,0
2025-08-13 05:46:00,0.4275957829251338,39.90723727688504,0
2025-08-13 05:47:00,0.42962681128117225,39.774353078322825,0
2025-08-13 05:48:00,0.4640777889373782,40.095752353125754,0
2025-08-13 05:49:00,0.4893276424144076,40.402135133806944,0
2025-08-13 05:50:00,0.5155453782799002,39.437448259106276,0
2025-08-13 05:51:00,0.5737678108474776,40.03450782374423,0
2025-08-13 05:52:00,0.542882981160101,39.95196016133001,0
2025-08-13 05:53:00,0.49200307350182865,40.20140202293514,0
2025-08-13 05:54:00,0.49904918960486555,40.063958988471306,0
2025-08-13 05:55:00,0.44987353176810957,39.77440920047835,0
2025-08-13 05:56:00,0.4990743432003805,39.90428381930001,0
2025-08-13 05:57:00,0.4855670680539931,39.761192242958955,0
2025-08-13 05:58:00,0.5161359280169044,40.32280214157958,0
2025-08-13 05:59:00,0.45863845282238386,40.00639349460158,0
2025-08-13 06:00:00,0.5259673257120586,40.570357205725905,0
2025-08-13 06:01:00,0.5766369456501289,39.981801755855614,0
2025-08-13 06:02:00,0.4945619925771571,39.78747796992686,0
2025-08-13 06:03:00,0.520085586104947,39.54588568221615,0
2025-08-13 06:04:00,0.5345071995855556,39.45905809712322,0
2025-08-13 06:05:00,0.4799389764057082,39.52475921709836,0
2025-08-13 06:06:00,0.5112046240905208,40.080137995303446,0
2025-08-13 06:07:00,0.5006296200390897,40.15261750696898,0
2025-08-13 06:08:00,0.5048838049274416,39.52564278939036,0
2025-08-13 06:09:00,0.4613495108072267,40.268511494222835,0
2025-08-13 06:10:00,0.5012255087129471,39.85508168449497,0
2025-08-13 06:11:00,0.5248999145622725,40.044037903595665,0
2025-08-13 06:12:00,0.5725571803897521,40.483666188476626,0
2025-08-13 06:13:00,0.5479635413042604,40.26905179475966,0
2025-08-13 06:14:00,0.6076591228755779,39.91944080562825,0
2025-08-13 06:15:00,0.4616326218555975,39.73264233237541,0
2025-08-13 06:16:00,0.5436160318360339,39.354455379601205,0
2025-08-13 06:17:00,0.5091671002869176,39.78425400422727,0
2025-08-13 06:18:00,0.6094901466608836,39.93666092835169,0
2025-08-13 06:19:00,0.45958508573224244,39.70384614185465,0
2025-08-13 06:20:00,0.4580139078909612,39.960622909872306,0
2025-08-13 06:21:00,0.4700303677277989,40.02305556488763,0
2025-08-13 06:22:00,0.39380521378450967,39.93254320545758,0
2025-08-13 06:23:00,0.473712248915962,39.804999225752965,0
2025-08-13 06:24:00,0.46204336692231507,40.05059640159002,0
2025-08-13 06:25:00,0.5075196893238104,40.13258219487082,0
2025-08-13 06:26:00,0.517087798788858,39.672880276767145,0
2025-08-13 06:27:00,0.5938085419607944,40.42327971392388,0
2025-08-13 06:28:00,0.5475211919093025,39.97042356031472,0
2025-08-13 06:29:00,0.47115481721687985,40.005654886883455,0
2025-08-13 06:30:00,0.4550792664325821,40.21246432697697,0
2025-08-13 06:31:00,0.5245959585753253,40.069964839379054,0
2025-08-13 06:32:00,0.4339883396489679,40.28594099017398,0
2025-08-13 06:33:00,0.5915729382927177,40.08613724956055,0
2025-08-13 06:34:00,0.5589720060360643,39.81626878760787,0
2025-08-13 06:35:00,0.47654121739476474,40.10845105756183,0
2025-08-13 06:36:00,0.41434327354545614,39.6568821378038,0
2025-08-13 06:37:00,0.5676936187082706,40.032567911732954,0
2025-08-13 06:38:00,0.4942730077373691,39.99003100280666,0
2025-08-13 06:39:00,0.561890815598673,39.93756494281824,0
2025-08-13 06:40:00,0.42027861706028163,39.96143874656832,0
2025-08-13 06:41:00,0.47003124885231135,39.435445286350706,0
2025-08-13 06:42:00,0.5002621849859091,39.83538252767771,0
2025-08-13 06:43:00,0.5023490296882371,40.027853470342336,0
2025-08-13 06:44:00,0.4774967264260378,40.04795691759922,0
2025-08-13 06:45:00,0.5311424966173749,39.69169745772221,0
2025-08-13 06:46:00,0.4466189785308703,40.37971235225941,0
2025-08-13 06:47:00,0.49288102574893533,39.74014754553565,0
2025-08-13 06:48:00,0.506014781585595,40.29083716015802,0
2025-08-13 06:49:00,0.5257219417029374,40.1281583085615,0
2025-08-13 06:50:00,0.5355807439044444,39.80613180704686,0
2025-08-13 06:51:00,0.4437678954081065,40.53259326778285,0
2025-08-13 06:52:00,0.4232942914632189,39.64190895047306,0
2025-08-13 06:53:00,0.5638838410949254,40.275746252083,0
2025-08-13 06:54:00,0.5166157005989795,40.30017469541289,0
2025-08-13 06:55:00,0.4625756731721723,39.798813937277004,0
2025-08-13 06:56:00,0.5775575987761261,40.4177395900193,0
2025-08-13 06:57:00,0.505783731714643,39.924986045620315,0
2025-08-13 06:58:00,0.5589648592031913,40.086608088783954,0
2025-08-13 06:59:00,0.5033759240705055,40.07809655163137,0
2025-08-13 07:00:00,0.6030373962440994,39.959707377558836,0
2025-08-13 07:01:00,0.5877670421221602,40.24324248194794,0
2025-08-13 07:02:00,0.4875517925760463,40.23804661616566,0
2025-08-13 07:03:00,0.5485785475477177,39.47544040802855,0
2025-08-13 07:04:00,0.5322687974792574,40.391302072863446,0
2025-08-13 07:05:00,0.5684315778766175,39.5012524035893,0
2025-08-13 07:06:00,0.45175382697099475,40.3097638613025,0
2025-08-13 07:07:00,0.534302572999922,40.338011541048274,0
2025-08-13 07:08:00,0.5529212243424794,39.67271007093544,0
2025-08-13 07:09:00,0.4120630256788443,39.876755713613626,0
2025-08-13 07:10:00,0.44083707436671127,39.66828859945422,0
2025-08-13 07:11:00,0.39803839111199496,39.93552369091338,0
2025-08-13 07:12:00,0.4865296582777721,39.907589714744276,0
2025-08-13 07:13:00,0.5358771127897981,40.233898159680805,0
2025-08-13 07:14:00,0.5751178526048014,40.393092623835884,0
2025-08-13 07:15:00,0.5037047390209888,40.418705143236984,0
2025-08-13 07:16:00,0.5814307772785646,39.83134959202651,0
2025-08-13 07:17:00,0.4309949270892554,39.93723343787664,0
2025-08-13 07:18:00,0.4148308780322423,39.494968542333716,0
2025-08-13 07:19:00,0.49722261505516907,39.758238980051146,0
2025-08-13 07:20:00,0.5192032724469654,40.28945548992924,0
2025-08-13 07:21:00,0.49836526259529534,40.48467484706447,0
2025-08-13 07:22:00,0.39662789499800616,39.62969533843602,0
2025-08-13 07:23:00,0.49554399802436055,39.82226072225413,0
2025-08-13 07:24:00,0.43477652497475733,39.99207827291232,0
2025-08-13 07:25:00,0.5334836274415019,40.08404834764588,0
2025-08-13 07:26:00,0.5183299123048424,39.7571189440235,0
2025-08-13 07:27:00,0.4530060106836322,40.12721831333923,0
2025-08-13 07:28:00,0.4743066541331653,39.857848195878724,0
2025-08-13 07:29:00,0.4470393239055524,39.995664318736516,0
2025-08-13 07:30:00,0.4968660451363414,40.16388527440111,0
2025-08-13 07:31:00,0.5477571160250619,40.00192668094328,0
2025-08-13 07:32:00,0.4507136976832228,39.86908423284203,0
2025-08-13 07:33:00,0.5252023257758922,39.967117058822254,0
2025-08-13 07:34:00,0.47348711908137797,39.9734911122384,0
2025-08-13 07:35:00,0.46035635838688277,39.88899669103536,0
2025-08-13 07:36:00,0.4946484820022721,39.92236118119987,0
2025-08-13 07:37:00,0.4482378838790313,40.47959415115142,0
2025-08-13 07:38:00,0.4723175347326409,40.16827583438237,0
2025-08-13 07:39:00,0.44010610537055755,39.911355904591254,0
2025-08-13 07:40:00,0.5982362566458195,40.20908632135322,0
2025-08-13 07:41:00,0.5017631775985865,39.8998541530732,0
2025-08-13 07:42:00,0.4650137246003707,40.35193739127599,0
2025-08-13 07:43:00,0.510698995536711,40.11089265765943,0
2025-08-13 07:44:00,0.4943835975154585,39.96780935679873,0
2025-08-13 07:45:00,0.48895152002333886,40.13431507774308,0
2025-08-13 07:46:00,0.5307083350021713,39.52873715437945,0
2025-08-13 07:47:00,0.5378753855023652,39.66196975932706,0
2025-08-13 07:48:00,0.47347494261947365,39.64182249808028,0
2025-08-13 07:49:00,0.471209087967766,40.042882928429115,0
2025-08-13 07:50:00,0.4862474151424178,40.519754499845526,0
2025-08-13 07:51:00,0.38490394176322074,40.66939004385779,0
2025-08-13 07:52:00,0.4242404468900724,40.19141533043223,0
2025-08-13 07:53:00,0.5683437133722262,40.15025334248334,0
2025-08-13 07:54:00,0.5822483856750642,39.45968267975418,0
2025-08-13 07:55:00,0.4875481980221811,39.83719786007979,0
2025-08-13 07:56:00,0.5288278481527883,39.763664874427526,0
2025-08-13 07:57:00,0.5155625077271768,39.813745720524665,0
2025-08-13 07:58:00,0.6539440404227619,39.949556854424564,0
2025-08-13 07:59:00,0.5559787455717289,39.85837282669086,0
2025-08-13 08:00:00,0.4936041204259617,39.40621005688726,0
2025-08-13 08:01:00,0.4522229779699787,40.22437307683526,0
2025-08-13 08:02:00,0.41967768398712135,39.678177092278055,0
2025-08-13 08:03:00,0.5101731817933611,40.07177405923334,0
2025-08-13 08:04:00,0.46218246273578484,40.62222480092499,0
2025-08-13 08:05:00,0.4288873145201163,39.72418462252407,0
2025-08-13 08:06:00,0.46767135578787367,39.2409137431761,0
2025-08-13 08:07:00,0.44592259981928023,39.91419873343597,0
2025-08-13 08:08:00,0.5843570817536282,40.33028789049957,0
2025-08-13 08:09:00,0.5440819878474725,40.58750423626618,0
2025-08-13 08:10:00,0.49960136793416915,39.63113512166427,0
2025-08-13 08:11:00,0.5739972069445013,40.149009766970956,0
2025-08-13 08:12:00,0.5038684153823809,39.86040686296598,0
2025-08-13 08:13:00,0.4569357899335868,39.96821549370876,0
2025-08-13 08:14:00,0.5761562038634829,40.79330300410511,0
2025-08-13 08:15:00,0.526945502184233,39.54910890148145,0
2025-08-13 08:16:00,0.44813769228367717,40.07612189844837,0
2025-08-13 08:17:00,0.4904830660958196,40.14030795152963,0
2025-08-13 08:18:00,0.4562190873307621,40.325735897481806,0
2025-08-13 08:19:00,0.4308600134517832,40.02939494604127,0
2025-08-13 08:20:00,0.5463088773765821,40.09241516185123,0
2025-08-13 08:21:00,0.5954708320235065,39.88250542977346,0
2025-08-13 08:22:00,0.4300716213090429,40.08073808237353,0
2025-08-13 08:23:00,0.5281484618345286,39.897042317350774,0
2025-08-13 08:24:00,0.4674678715439087,40.18647156695682,0
2025-08-13 08:25:00,0.4756437308117652,39.88911689918691,0
2025-08-13 08:26:00,0.47038030378805656,40.11313011817066,0
2025-08-13 08:27:00,0.45680046151600917,39.99122115589451,0
2025-08-13 08:28:00,0.5024260813972413,40.33781507523165,0
2025-08-13 08:29:00,0.4584524941794481,39.98458188292346,0
2025-08-13 08:30:00,0.513522841288992,39.46809025953794,0
2025-08-13 08:31:00,0.49748809452754317,40.3785764502142,0
2025-08-13 08:32:00,0.4880525976566795,39.728280309741216,0
2025-08-13 08:33:00,0.4546218168979201,39.803870098405355,0
2025-08-13 08:34:00,0.47116143347158335,39.82130161178695,0
2025-08-13 08:35:00,0.5377695612912878,40.412331427951244,0
2025-08-13 08:36:00,0.5250458593812191,39.35929773580639,0
2025-08-13 08:37:00,0.45112223776007243,40.941324560097996,0
2025-08-13 08:38:00,0.5049666152714612,40.31681704271981,0
2025-08-13 08:39:00,0.5375693561685895,40.06697167423875,0
2025-08-13 08:40:00,0.4165297359439314,39.98353179981511,0
2025-08-13 08:41:00,0.5271680096189968,40.0856662224573,0
2025-08-13 08:42:00,0.4668688120527077,40.1563367285138,0
2025-08-13 08:43:00,0.5285299334296579,40.19356467578502,0
2025-08-13 08:44:00,0.46183704217287413,40.16668133980104,0
2025-08-13 08:45:00,0.40975589496677406,40.026874204376576,0
2025-08-13 08:46:00,0.41862287810584187,39.940798473907805,0
2025-08-13 08:47:00,0.5024042473330691,39.95461801490395,0
2025-08-13 08:48:00,0.5129861250860741,39.941527515894194,0
2025-08-13 08:49:00,0.45478416874477956,40.34013102906012,0
2025-08-13 08:50:00,0.5319296229388687,40.17806701668426,0
2025-08-13 08:51:00,0.416923996886552,39.117883409600715,0
2025-08-13 08:52:00,0.4966960100676342,40.196770232958926,0
2025-08-13 08:53:00,0.43944919001187716,40.05842085841563,0
2025-08-13 08:54:00,0.467408194609892,39.99438737306623,0
2025-08-13 08:55:00,0.5023699335658207,39.883444464073335,0
2025-08-13 08:56:00,0.4569793317358024,40.3372338159958,0
2025-08-13 08:57:00,0.48077222278850873,40.284257938636856,0
2025-08-13 08:58:00,0.550314640460722,39.76813669965292,0
2025-08-13 08:59:00,0.4711554065238426,40.12211568613736,0
2025-08-13 09:00:00,0.5417846056032571,39.708502979637615,0
2025-08-13 09:01:00,0.4435146572671191,39.58611455056332,0
2025-08-13 09:02:00,0.5264902088957641,39.81198483262301,0
2025-08-13 09:03:00,0.572078431032895,40.25871804171483,0
2025-08-13 09:04:00,0.37641777499363555,40.28593751361283,0
2025-08-13 09:05:00,0.46015523722647617,40.153925626029185,0
2025-08-13 09:06:00,0.528853606359027,40.2175287360544,0
2025-08-13 09:07:00,0.48984773069785037,40.154853486134485,0
2025-08-13 09:08:00,0.5185572936685654,39.807555521433116,0
2025-08-13 09:09:00,0.46980074066420896,40.129576763402184,0
2025-08-13 09:10:00,0.504329489373645,40.2401228575683,0
2025-08-13 09:11:00,0.492216138230396,40.22628739894407,0
2025-08-13 09:12:00,0.5583891030829904,40.356674011442394,0
2025-08-13 09:13:00,0.5127210421650606,40.21249115416032,0
2025-08-13 09:14:00,0.5168801331037601,40.10543446226247,0
2025-08-13 09:15:00,0.4794061516938766,40.32104507149493,0
2025-08-13 09:16:00,0.47561968879637534,39.99204362222528,0
2025-08-13 09:17:00,0.478372090609019,39.735437604631684,0
2025-08-13 09:18:00,0.5197226071189148,39.95107991081687,0
2025-08-13 09:19:00,0.47895077595898683,39.77652920655807,0
2025-08-13 09:20:00,0.5144887428448206,39.79744651750769,0
2025-08-13 09:21:00,0.603770039932272,39.95664439878534,0
2025-08-13 09:22:00,0.5435562351715846,39.76227402370001,0
2025-08-13 09:23:00,0.48369882339160797,39.90761154110829,0
2025-08-13 09:24:00,0.5600606961081972,39.431915599913864,0
2025-08-13 09:25:00,0.47959623134892243,40.06398811221188,0
2025-08-13 09:26:00,0.3980937732411073,40.00036164260867,0
2025-08-13 09:27:00,0.4495956844541298,39.754873410679544,0
2025-08-13 09:28:00,0.4064604039487072,40.19777370052972,0
2025-08-13 09:29:00,0.4824243257979346,40.281271041287965,0
2025-08-13 09:30:00,0.5009209189594775,39.51773204068931,0
2025-08-13 09:31:00,0.5838218656137641,39.771182566430134,0
2025-08-13 09:32:00,0.5163463686882082,39.76925729506381,0
2025-08-13 09:33:00,0.4890449735595568,39.71802906966734,0
2025-08-13 09:34:00,0.5414702790591744,40.248842452579524,0
2025-08-13 09:35:00,0.3894432345496057,39.94185215836816,0
2025-08-13 09:36:00,0.5117807279054283,39.92064554760682,0
2025-08-13 09:37:00,0.5385432596943484,39.39884129067797,0
2025-08-13 09:38:00,0.4260706877110079,40.19062540906277,0
2025-08-13 09:39:00,0.5571877021603464,39.62822248154396,0
2025-08-13 09:40:00,0.5169248203747208,40.017979789079895,0
2025-08-13 09:41:00,0.47923560430495993,40.083213081387456,0
2025-08-13 09:42:00,0.5316390933053142,40.4081975787516,0
2025-08-13 09:43:00,0.6135346428902198,39.60735388026426,0
2025-08-13 09:44:00,0.5090933127529248,39.094146353253755,0
2025-08-13 09:45:00,0.5124110293150168,40.05515486342611,0
2025-08-13 09:46:00,0.4770319550229878,40.54015335445325,0
2025-08-13 09:47:00,0.4575077815267604,40.37168390588183,0
2025-08-13 09:48:00,0.5415167908272123,40.062897824582386,0
2025-08-13 09:49:00,0.4571958087045566,39.85250914431039,0
2025-08-13 09:50:00,0.5035783118609696,40.242136778991195,0
2025-08-13 09:51:00,0.4761171276617442,39.70793614008866,0
2025-08-13 09:52:00,0.5239489912873196,40.142907330806864,0
2025-08-13 09:53:00,0.5166831052643475,40.15164104774999,0
2025-08-13 09:54:00,0.551876997212895,40.31806297224966,0
2025-08-13 09:55:00,0.47449918005726266,40.82789801167333,0
2025-08-13 09:56:00,0.4865062532353314,40.11772479015363,0
2025-08-13 09:57:00,0.45106181421088465,39.84731091228775,0
2025-08-13 09:58:00,0.4777853369961944,39.9923277063424,0
2025-08-13 09:59:00,0.5188650246522426,39.469277228533265,0
2025-08-13 10:00:00,0.5378494308322675,39.79158606067328,0
2025-08-13 10:01:00,0.45389173379111875,39.87721526856607,0
2025-08-13 10:02:00,0.543480296005283,39.84277348061962,0
2025-08-13 10:03:00,0.5677818929402475,40.045706461610116,0
2025-08-13 10:04:00,0.5206717451611851,39.75327402028534,0
2025-08-13 10:05:00,0.5938397906279033,40.33630920019734,0
2025-08-13 10:06:00,0.46131054004482136,40.00006211947546,0
2025-08-13 10:07:00,0.4377672648344291,39.997209903658415,0
2025-08-13 10:08:00,0.41106398755478607,39.901631585046125,0
2025-08-13 10:09:00,0.5748022155744592,40.0465572051577,0
2025-08-13 10:10:00,0.5327182828177028,40.24752947940029,0
2025-08-13 10:11:00,0.49722076645447727,39.73986093528673,0
2025-08-13 10:12:00,0.513998431315991,39.802565053277426,0
2025-08-13 10:13:00,0.44372554763508115,39.908882191367,0
2025-08-13 10:14:00,0.6222875989808413,39.596238722958034,0
2025-08-13 10:15:00,0.5064610590987614,39.75422264208355,0
2025-08-13 10:16:00,0.5054697397302447,39.8571337379366,0
2025-08-13 10:17:00,0.5362883311949346,40.26231675421382,0
2025-08-13 10:18:00,0.5240504615868357,40.078768398700575,0
2025-08-13 10:19:00,0.5111942012139565,40.058076973410266,0
2025-08-13 10:20:00,0.46047627722773443,40.25526938865039,0
2025-08-13 10:21:00,0.5235734178567998,39.95878846348018,0
2025-08-13 10:22:00,0.5941012248237517,40.11713945497867,0
2025-08-13 10:23:00,0.5672710023077489,39.96903347412025,0
2025-08-13 10:24:00,0.5796593313319699,40.07960870481989,0
2025-08-13 10:25:00,0.47443921617844076,39.825172402716525,0
2025-08-13 10:26:00,0.450519758987071,39.26835485251707,0
2025-08-13 10:27:00,0.49371065399501757,39.95971625134411,0
2025-08-13 10:28:00,0.5027862456144347,40.42682444082998,0
2025-08-13 10:29:00,0.5547095759235474,40.277864620672474,0
2025-08-13 10:30:00,0.41537676851425903,40.28961924537735,0
2025-08-13 10:31:00,0.5764775159730307,40.37083921654187,0
2025-08-13 10:32:00,0.49209960507105055,40.02659727728843,0
2025-08-13 10:33:00,0.478655946502629,40.059194712221675,0
2025-08-13 10:34:00,0.4493947812369916,39.8147044313697,0
2025-08-13 10:35:00,0.4172571664067115,39.90517814319188,0
2025-08-13 10:36:00,0.5411585291980957,40.18473134493134,0
2025-08-13 10:37:00,0.5036658983594202,40.361165331150644,0
2025-08-13 10:38:00,0.4355019550129473,39.9581661172957,0
2025-08-13 10:39:00,0.4352460613968192,39.864943220544575,0
2025-08-13 10:40:00,0.4832107650354936,40.00015838765698,0
2025-08-13 10:41:00,0.5834510762644697,40.180362024678736,0
2025-08-13 10:42:00,0.48702043243181975,39.566843555159934,0
2025-08-13 10:43:00,0.4248428523440947,39.31114571405883,0
2025-08-13 10:44:00,0.48771284679570276,39.834838945152526,0
2025-08-13 10:45:00,0.4863638215126165,39.633786272225755,0
2025-08-13 10:46:00,0.3651556678529214,39.847557940705805,0
2025-08-13 10:47:00,0.4972852566741094,39.95566590435476,0
2025-08-13 10:48:00,0.4884532734895661,39.8640254772931,0
2025-08-13 10:49:00,0.5348103182406709,40.43574026034123,0
2025-08-13 10:50:00,0.5924478047472672,40.098023429380696,0
2025-08-13 10:51:00,0.5563282514773878,40.09014230788325,0
2025-08-13 10:52:00,0.4865555654722585,40.18666214321302,0
2025-08-13 10:53:00,0.4446737045629165,39.65835006466577,0
2025-08-13 10:54:00,0.628667990162493,40.31173353622608,0
2025-08-13 10:55:00,0.5029609217007244,39.97727071403936,0
2025-08-13 10:56:00,0.5006964645956473,40.20114418517236,0
2025-08-13 10:57:00,0.49879374564449985,39.67844283008795,0
2025-08-13 10:58:00,0.5099042380383928,39.53387237019518,0
2025-08-13 10:59:00,0.49278197940380286,40.24536689740751,0
2025-08-13 11:00:00,0.47131689965598816,40.112922857829254,0
2025-08-13 11:01:00,0.4726570529379804,39.729384533692745,0
2025-08-13 11:02:00,0.4983623364892001,39.73910107561759,0
2025-08-13 11:03:00,0.47282876144331176,40.33763043532443,0
2025-08-13 11:04:00,0.4643577108661418,39.6431764321398,0
2025-08-13 11:05:00,0.5053215113845948,40.49280188597679,0
2025-08-13 11:06:00,0.48725113912895723,39.72981377960564,0
2025-08-13 11:07:00,0.5751996494291345,40.19151757768252,0
2025-08-13 11:08:00,0.3674515095803494,39.9014144572753,0
2025-08-13 11:09:00,0.5545753425961231,40.1809562293247,0
2025-08-13 11:10:00,0.5623042596248815,39.83676579936574,0
2025-08-13 11:11:00,0.3963304883795925,39.95116212817831,0
2025-08-13 11:12:00,0.48286562029598257,40.01227575261871,0
2025-08-13 11:13:00,0.48142795670021044,39.69934376326556,0
2025-08-13 11:14:00,0.42962441526410894,40.22224730362604,0
2025-08-13 11:15:00,0.46110916562045623,39.84603593005853,0
2025-08-13 11:16:00,0.44447120772670856,39.931420025398,0
2025-08-13 11:17:00,0.5876135221711811,39.701695187617446,0
2025-08-13 11:18:00,0.546783919657373,39.23129990236141,0
2025-08-13 11:19:00,0.563577754749708,39.94269167121995,0
2025-08-13 11:20:00,0.5360836032021618,40.72378462648388,0
2025-08-13 11:21:00,0.44354741143913856,40.23538128636941,0
2025-08-13 11:22:00,0.47377398668601134,39.99422188607968,0
2025-08-13 11:23:00,0.5244687280613959,39.92113275123752,0
2025-08-13 11:24:00,0.43889360955540274,40.00673976784361,0
2025-08-13 11:25:00,0.5356499215086195,40.164135734552566,0
2025-08-13 11:26:00,0.4879837300920932,39.64575615540735,0
2025-08-13 11:27:00,0.48125895962252013,40.33429650840066,0
2025-08-13 11:28:00,0.5355479984101745,40.21461439463237,0
2025-08-13 11:29:00,0.522213165574302,40.21545571771238,0
2025-08-13 11:30:00,0.481951691709046,40.131542721642916,0
2025-08-13 11:31:00,0.5579664901682124,40.0058849973082,0
2025-08-13 11:32:00,0.44594683362000515,40.20185837079005,0
2025-08-13 11:33:00,0.5307967803472132,40.177544240122415,0
2025-08-13 11:34:00,0.5296550628984192,39.893787786717695,0
2025-08-13 11:35:00,0.4845226780343005,39.82791946813093,0
2025-08-13 11:36:00,0.5163066511121059,40.030556888578595,0
2025-08-13 11:37:00,0.43744432118073484,40.46470604544856,0
2025-08-13 11:38:00,0.5462013509603451,39.62826787730383,0
2025-08-13 11:39:00,0.49075489317785054,39.55974242027427,0
2025-08-13 11:40:00,0.47386384897404804,40.04942825237095,0
2025-08-13 11:41:00,0.5524504612918445,40.015266310556804,0
2025-08-13 11:42:00,0.46478281547286204,40.05200249931112,0
2025-08-13 11:43:00,0.429576935181822,40.07318595937255,0
2025-08-13 11:44:00,0.4221685413238048,39.933039323609556,0
2025-08-13 11:45:00,0.530300497567282,40.446959031580626,0
2025-08-13 11:46:00,0.43597853237518586,39.519728806457046,0
2025-08-13 11:47:00,0.5877397090992182,39.75145089256593,0
2025-08-13 11:48:00,0.3959035296058139,39.96902357195528,0
2025-08-13 11:49:00,0.5848228184145019,39.50704335665375,0
2025-08-13 11:50:00,0.5105508733601309,39.947243678670375,0
2025-08-13 11:51:00,0.4951643444064804,40.49844104971841,0
2025-08-13 11:52:00,0.47275404565955254,40.00626594648879,0
2025-08-13 11:53:00,0.5199568057176035,40.069210271715605,0
2025-08-13 11:54:00,0.4981182648787576,39.62195057044823,0
2025-08-13 11:55:00,0.555165094100826,39.815091577588156,0
2025-08-13 11:56:00,0.505711382433102,39.88744108590282,0
2025-08-13 11:57:00,0.5075150880730939,39.90468547097313,0
2025-08-13 11:58:00,0.4818193893893072,40.38449313850113,0
2025-08-13 11:59:00,0.4971527188139466,40.16730731821754,0
2025-08-13 12:00:00,1.0329386722918357,40.71265883398019,1
2025-08-13 12:01:00,1.0023505567611473,41.84888713326806,1
2025-08-13 12:02:00,1.0771288555242102,42.35292016809462,1
2025-08-13 12:03:00,1.1776612865789566,43.901273155611094,1
2025-08-13 12:04:00,1.4257233734877244,43.572951588750215,1
2025-08-13 12:05:00,1.3085051367351266,42.05337198354272,1
2025-08-13 12:06:00,1.4284798857966499,43.23053012211494,1
2025-08-13 12:07:00,1.4013695896523566,42.28497208375387,1
2025-08-13 12:08:00,1.28069527567327,44.11216521023709,1
2025-08-13 12:09:00,1.526552038030565,43.75049903257881,1
2025-08-13 12:10:00,1.4057462523923934,44.3006643118892,1
2025-08-13 12:11:00,1.5801153924081373,44.8965232730886,1
2025-08-13 12:12:00,1.5681965185178273,43.72200242026988,1
2025-08-13 12:13:00,1.8469317530445222,44.013634971784796,1
2025-08-13 12:14:00,1.9246453361350362,44.32945233813287,1
2025-08-13 12:15:00,1.864974484017031,46.22297411894117,1
2025-08-13 12:16:00,2.01865933396834,44.04007993617744,1
2025-08-13 12:17:00,1.8927080796558302,44.12652386179292,1
2025-08-13 12:18:00,2.1145447370132153,46.07381012887208,1
2025-08-13 12:19:00,2.0963405722638035,46.175346250759354,1
2025-08-13 12:20:00,2.008717270925759,46.64568326693307,1
2025-08-13 12:21:00,2.186333424750815,45.96887799980648,1
2025-08-13 12:22:00,2.213803153188068,46.25298970473379,1
2025-08-13 12:23:00,2.250689739305865,47.70675362747955,1
2025-08-13 12:24:00,2.129624976631396,45.32464749983036,1
2025-08-13 12:25:00,2.1856568977630983,47.393974851002525,1
2025-08-13 12:26:00,2.363734111530948,47.001358132560824,1
2025-08-13 12:27:00,2.3869527061946143,47.68307520033373,1
2025-08-13 12:28:00,2.3205063014855742,47.3599130709047,1
2025-08-13 12:29:00,2.6836551255359438,48.14250443550208,1
2025-08-13 12:30:00,2.6670162047582733,46.43024517157453,1
2025-08-13 12:31:00,2.602884012014842,48.16850195263201,1
2025-08-13 12:32:00,2.6173843824538667,49.398149807365854,1
2025-08-13 12:33:00,2.7391535005325847,47.869131550725584,1
2025-08-13 12:34:00,2.6137484659664354,49.0607629354369,1
2025-08-13 12:35:00,2.9444953602219606,49.204328776549545,1
2025-08-13 12:36:00,2.9042873029044736,49.34110694604441,1
2025-08-13 12:37:00,2.7876298512006836,49.6807198084666,1
2025-08-13 12:38:00,2.9417818039974803,49.121059439516195,1
2025-08-13 12:39:00,3.0194895890879745,50.0430560456133,1
2025-08-13 12:40:00,0.4712181086881113,40.54130443293602,0
2025-08-13 12:41:00,0.506100490732268,39.94272886248181,0
2025-08-13 12:42:00,0.6280042269134397,40.21592738264445,0
2025-08-13 12:43:00,0.4951970050137675,39.61201811263865,0
2025-08-13 12:44:00,0.5574636663142838,39.7130690869546,0
2025-08-13 12:45:00,0.4648411787437056,40.14172188336411,0
2025-08-13 12:46:00,0.4982505754751519,40.44523480856079,0
2025-08-13 12:47:00,0.5885400317817755,40.106684004635696,0
2025-08-13 12:48:00,0.46865164711061164,39.906082590843056,0
2025-08-13 12:49:00,0.5906224278998464,39.999787421627005,0
2025-08-13 12:50:00,0.5353875967727738,39.62487767980908,0
2025-08-13 12:51:00,0.4718766612052866,40.18135459790661,0
2025-08-13 12:52:00,0.531620386952776,40.264699918697026,0
2025-08-13 12:53:00,0.5486277224813365,39.86437290015007,0
2025-08-13 12:54:00,0.5310904981108598,39.85898735567215,0
2025-08-13 12:55:00,0.4214887640054772,40.079763468895614,0
2025-08-13 12:56:00,0.46364314120875655,39.86898407918782,0
2025-08-13 12:57:00,0.48762406822242477,39.98016021561225,0
2025-08-13 12:58:00,0.4962783285449977,40.62991653674995,0
2025-08-13 12:59:00,0.5310336048775339,39.9258922897762,0
2025-08-13 13:00:00,0.5088850500466627,39.89249795439363,0
2025-08-13 13:01:00,0.43323278206449495,39.80573745830945,0
2025-08-13 13:02:00,0.5190098925502982,40.22325759144998,0
2025-08-13 13:03:00,0.5305292872641911,39.94563274803457,0
2025-08-13 13:04:00,0.527989522396552,39.80518808850357,0
2025-08-13 13:05:00,0.5540390362777311,40.3963912096819,0
2025-08-13 13:06:00,0.5416961077274453,40.42588090135409,0
2025-08-13 13:07:00,0.5229590039614218,39.819872930278386,0
2025-08-13 13:08:00,0.49649171442706763,39.44003801459181,0
2025-08-13 13:09:00,0.41695195332420043,40.302254106951075,0
2025-08-13 13:10:00,0.5214809109566293,39.794611052271996,0
2025-08-13 13:11:00,0.5103843843581556,40.23718767974883,0
2025-08-13 13:12:00,0.5135789418597687,39.40896885468645,0
2025-08-13 13:13:00,0.4361625712089845,40.267779201489795,0
2025-08-13 13:14:00,0.44594717297958686,39.63664842121577,0
2025-08-13 13:15:00,0.5526576426666452,40.21922923571996,0
2025-08-13 13:16:00,0.49802224230716724,40.00428192035093,0
2025-08-13 13:17:00,0.5340750348686312,39.71381817418101,0
2025-08-13 13:18:00,0.501415918806523,39.87788910612196,0
2025-08-13 13:19:00,0.5014878069747872,40.20589553708701,0
2025-08-13 13:20:00,0.5469141902987998,40.03176833593457,0
2025-08-13 13:21:00,0.4741977635891313,40.17532389414175,0
2025-08-13 13:22:00,0.5048060388470492,40.59293217535465,0
2025-08-13 13:23:00,0.47688623556474785,39.530727516486685,0
2025-08-13 13:24:00,0.4782751886283842,40.48516377249059,0
2025-08-13 13:25:00,0.484541393826568,40.031306781256966,0
2025-08-13 13:26:00,0.5111066885816856,39.73036478550306,0
2025-08-13 13:27:00,0.47606256891682613,39.6009059122783,0
2025-08-13 13:28:00,0.5627878062786761,39.94326388276689,0
2025-08-13 13:29:00,0.45526963488902483,40.27649503357734,0
2025-08-13 13:30:00,0.49065641779193203,39.96173526388674,0
2025-08-13 13:31:00,0.47801344708629123,40.453346479074206,0
2025-08-13 13:32:00,0.5723488942176866,39.56464729298453,0
2025-08-13 13:33:00,0.5098277388255787,39.99637331564618,0
2025-08-13 13:34:00,0.5515922269734317,39.624281966676065,0
2025-08-13 13:35:00,0.4257219813481514,40.10908956478749,0
2025-08-13 13:36:00,0.513352513293463,40.26606621702919,0
2025-08-13 13:37:00,0.5444815397811719,39.873771461895686,0
2025-08-13 13:38:00,0.5041141994637712,39.218735843011856,0
2025-08-13 13:39:00,0.5532740187532675,40.05968444403895,0
2025-08-13 13:40:00,0.47413557749498136,40.13102156552005,0
2025-08-13 13:41:00,0.570467372009279,40.12128842648851,0
2025-08-13 13:42:00,0.6149449061809625,40.37073465754665,0
2025-08-13 13:43:00,0.48185807197801706,39.678683896105284,0
2025-08-13 13:44:00,0.47772487392996144,40.20406483163514,0
2025-08-13 13:45:00,0.572669223855885,40.35775225374339,0
2025-08-13 13:46:00,0.5789786072865356,39.46642372479805,0
2025-08-13 13:47:00,0.4738569986423366,40.09589554777569,0
2025-08-13 13:48:00,0.4789906591452071,39.8487460506977,0
2025-08-13 13:49:00,0.48591076955697465,39.97554319806951,0
2025-08-13 13:50:00,0.4327774744482861,40.1043029450615,0
2025-08-13 13:51:00,0.4540674026757901,39.853831430765936,0
2025-08-13 13:52:00,0.4497929616623966,39.79728757625151,0
2025-08-13 13:53:00,0.46161012174479354,40.010245725246406,0
2025-08-13 13:54:00,0.49826575563066094,39.67382621834116,0
2025-08-13 13:55:00,0.5117107366268261,39.67425246133445,0
2025-08-13 13:56:00,0.5775250246407039,40.203811984886954,0
2025-08-13 13:57:00,0.45008229796306043,39.65536178945241,0
2025-08-13 13:58:00,0.5492161199238292,40.199893750272764,0
2025-08-13 13:59:00,0.48930055778872455,40.13877738785619,0
2025-08-13 14:00:00,0.49752681451737835,39.48225798136282,0
2025-08-13 14:01:00,0.5337409746083301,39.796730604299306,0
2025-08-13 14:02:00,0.44386389892188505,40.35823282091421,0
2025-08-13 14:03:00,0.5191204873092026,39.705650340658096,0
2025-08-13 14:04:00,0.5083226104106529,39.86067872130718,0
2025-08-13 14:05:00,0.5246225632004075,40.138618267975566,0
2025-08-13 14:06:00,0.5144584321953909,40.23501715278478,0
2025-08-13 14:07:00,0.6227650069955447,39.92453833418665,0
2025-08-13 14:08:00,0.46811300078743423,39.82074694159251,0
2025-08-13 14:09:00,0.4734501522499091,40.42671095850955,0
2025-08-13 14:10:00,0.46884297367876177,40.521669899139276,0
2025-08-13 14:11:00,0.47222614404198726,40.29365741523454,0
2025-08-13 14:12:00,0.4681306436346741,40.02559544276951,0
2025-08-13 14:13:00,0.5594508265553776,39.75752028350772,0
2025-08-13 14:14:00,0.5710252123994928,39.75086667803303,0
2025-08-13 14:15:00,0.47146268531252616,40.156754231579725,0
2025-08-13 14:16:00,0.45838222134478857,40.1255194662666,0
2025-08-13 14:17:00,0.5235707778193202,40.42047957788393,0
2025-08-13 14:18:00,0.4723888477859514,40.19513502776084,0
2025-08-13 14:19:00,0.5316465908877755,39.54907590947205,0
2025-08-13 14:20:00,0.510146151042565,40.31558428531687,0
2025-08-13 14:21:00,0.4242127942501384,39.70058181180568,0
2025-08-13 14:22:00,0.5773752600665031,39.8848086184143,0
2025-08-13 14:23:00,0.589793883654776,40.07506006187551,0
2025-08-13 14:24:00,0.4693605654757807,40.59870024693519,0
2025-08-13 14:25:00,0.4806149220032008,40.93297556680161,0
2025-08-13 14:26:00,0.5142932695362452,40.18201691774085,0
2025-08-13 14:27:00,0.5167228394993513,39.94504101438388,0
2025-08-13 14:28:00,0.5329272136336415,40.16035169454417,0
2025-08-13 14:29:00,0.6005102269383175,40.26629662776215,0
2025-08-13 14:30:00,0.4911526386252975,39.90379971233284,0
2025-08-13 14:31:00,0.4600851377730773,40.5385634067737,0
2025-08-13 14:32:00,0.43103403859927364,40.06902122775742,0
2025-08-13 14:33:00,0.46345349800290403,40.14932292672742,0
2025-08-13 14:34:00,0.49834365135631015,40.19977727561634,0
2025-08-13 14:35:00,0.5897278931758894,40.126475983184335,0
2025-08-13 14:36:00,0.47411943504819143,40.25168215014089,0
2025-08-13 14:37:00,0.5111893975819449,39.81482404403592,0
2025-08-13 14:38:00,0.4991788551963624,39.83250947381619,0
2025-08-13 14:39:00,0.5594196636724043,39.66995373010849,0
2025-08-13 14:40:00,0.6263466212936811,40.13185036918607,0
2025-08-13 14:41:00,0.47345656135398395,40.233680951053636,0
2025-08-13 14:42:00,0.4755280278740889,40.13733185984557,0
2025-08-13 14:43:00,0.5522080438534536,40.50234773000426,0
2025-08-13 14:44:00,0.5340945744813156,39.998321194351284,0
2025-08-13 14:45:00,0.5923353662868017,40.20062249667775,0
2025-08-13 14:46:00,0.5291964092662982,39.67248973715821,0
2025-08-13 14:47:00,0.482035395460647,39.88387008925768,0
2025-08-13 14:48:00,0.5295327415346155,40.20866132726973,0
2025-08-13 14:49:00,0.5554351790291454,40.25473063322294,0
2025-08-13 14:50:00,0.5410241090598682,39.91180991570074,0
2025-08-13 14:51:00,0.5253637015553649,39.97852022444258,0
2025-08-13 14:52:00,0.5533337344794577,39.544637875995754,0
2025-08-13 14:53:00,0.5584647795222837,39.892891239758015,0
2025-08-13 14:54:00,0.5691079495518764,40.26711494905594,0
2025-08-13 14:55:00,0.5324354943794821,40.17256150483197,0
2025-08-13 14:56:00,0.49164409598415726,40.15019971641436,0
2025-08-13 14:57:00,0.5073356843216661,40.01493210615429,0
2025-08-13 14:58:00,0.5603254483254179,40.00211894758845,0
2025-08-13 14:59:00,0.4591532164506382,39.80190365815797,0
2025-08-13 15:00:00,0.5184336654436451,40.20964852606076,0
2025-08-13 15:01:00,0.48033305938363197,40.12629188331682,0
2025-08-13 15:02:00,0.5014372411467408,40.14760565439784,0
2025-08-13 15:03:00,0.563922593130365,39.84218954719972,0
2025-08-13 15:04:00,0.5095549534009952,39.35399712403863,0
2025-08-13 15:05:00,0.5023218274078074,40.32914581352611,0
2025-08-13 15:06:00,0.43200719295100404,39.85634876319748,0
2025-08-13 15:07:00,0.5373126783013611,39.74116727078707,0
2025-08-13 15:08:00,0.5322742090570538,40.208043673574196,0
2025-08-13 15:09:00,0.608162736165273,39.88239620802426,0
2025-08-13 15:10:00,0.48461108825234994,40.31798091521399,0
2025-08-13 15:11:00,0.510957516383197,40.18510178487301,0
2025-08-13 15:12:00,0.5124691841855378,40.20507079696014,0
2025-08-13 15:13:00,0.5788726639881737,39.59021328663984,0
2025-08-13 15:14:00,0.4952352233806524,40.36358319561592,0
2025-08-13 15:15:00,0.513951076288517,40.078375159370154,0
2025-08-13 15:16:00,0.530394825485827,39.88921685822614,0
2025-08-13 15:17:00,0.5093304561578179,40.04301654020268,0
2025-08-13 15:18:00,0.47767831927247356,39.467129430130505,0
2025-08-13 15:19:00,0.5097044996449154,40.1225958434442,0
2025-08-13 15:20:00,0.5536815874929886,39.69118854754538,0
2025-08-13 15:21:00,0.448674235029447,39.59419891424694,0
2025-08-13 15:22:00,0.5066484837073438,39.54329224413463,0
2025-08-13 15:23:00,0.4649939592530413,40.33380651249698,0
2025-08-13 15:24:00,0.5597523314462421,39.81122098189216,0
2025-08-13 15:25:00,0.42384065476081123,40.46011831297495,0
2025-08-13 15:26:00,0.4720539076364206,39.83925956108431,0
2025-08-13 15:27:00,0.518860593753226,39.48779261272212,0
2025-08-13 15:28:00,0.578276201461717,39.6650426680154,0
2025-08-13 15:29:00,0.4967124869463506,40.370743486002084,0
2025-08-13 15:30:00,0.47224002366534007,39.953230546619,0
2025-08-13 15:31:00,0.5940578534720296,39.83551381105282,0
2025-08-13 15:32:00,0.4275993049791878,40.048005467755836,0
2025-08-13 15:33:00,0.3900597021689959,40.15053482085026,0
2025-08-13 15:34:00,0.5220007225026666,40.33521964477074,0
2025-08-13 15:35:00,0.4748972887823694,40.43454976896788,0
2025-08-13 15:36:00,0.44893835914346436,39.892069406263275,0
2025-08-13 15:37:00,0.5354178223649677,39.60218569417539,0
2025-08-13 15:38:00,0.5121900356885599,39.87596045166302,0
2025-08-13 15:39:00,0.4717960684631636,40.07808415197486,0
2025-08-13 15:40:00,0.43598478006645525,39.710872322136815,0
2025-08-13 15:41:00,0.5436228664140073,39.712854725531486,0
2025-08-13 15:42:00,0.532510058897933,40.103136364464966,0
2025-08-13 15:43:00,0.49504120681103086,39.98540429452886,0
2025-08-13 15:44:00,0.5923318498023833,40.00983909862347,0
2025-08-13 15:45:00,0.44649576168369237,39.77245139958998,0
2025-08-13 15:46:00,0.42372374145376307,39.93087978573827,0
2025-08-13 15:47:00,0.4654045965059378,39.722730056719506,0
2025-08-13 15:48:00,0.4977206991822251,40.26705952333744,0
2025-08-13 15:49:00,0.5121669724661346,40.31057480041713,0
2025-08-13 15:50:00,0.4879381971071835,39.446143641328575,0
2025-08-13 15:51:00,0.5176027698257148,39.72114674194228,0
2025-08-13 15:52:00,0.4374230287904778,39.55104122347298,0
2025-08-13 15:53:00,0.5721882302036629,39.80499281967793,0
2025-08-13 15:54:00,0.49589244108037156,39.97496860906289,0
2025-08-13 15:55:00,0.5558647915794064,39.56510643409044,0
2025-08-13 15:56:00,0.5171362673188852,39.7234420560624,0
2025-08-13 15:57:00,0.5228376609576892,39.69881278837555,0
2025-08-13 15:58:00,0.5284883640116101,40.06218019881968,0
2025-08-13 15:59:00,0.5223854280008657,40.020803301110874,0
2025-08-13 16:00:00,0.5321361379933772,39.78347873399883,0
2025-08-13 16:01:00,0.5664576265066216,40.05304626164182,0
2025-08-13 16:02:00,0.5098260584850736,39.83599597462382,0
2025-08-13 16:03:00,0.5354501878794257,39.91850346690219,0
2025-08-13 16:04:00,0.4955132152856387,40.50203562708956,0
2025-08-13 16:05:00,0.5720058607724736,40.4021383155371,0
2025-08-13 16:06:00,0.4661803848970365,39.61012562892172,0
2025-08-13 16:07:00,0.5900470216455408,40.248919725363756,0
2025-08-13 16:08:00,0.4979921024677828,40.24341896634748,0
2025-08-13 16:09:00,0.4284612448940976,39.65552101337421,0
2025-08-13 16:10:00,0.5064052207455395,40.24563329312646,0
2025-08-13 16:11:00,0.465947417126256,40.461379575523765,0
2025-08-13 16:12:00,0.5420321774494362,39.66323655812668,0
2025-08-13 16:13:00,0.46736880103488043,39.72474915369572,0
2025-08-13 16:14:00,0.477690828339261,40.30529844005305,0
2025-08-13 16:15:00,0.40552296345272343,40.08144859324769,0
2025-08-13 16:16:00,0.4773846840375462,40.16544288257186,0
2025-08-13 16:17:00,0.37880603366855214,40.10217676492015,0
2025-08-13 16:18:00,0.42080485882571383,40.117208776278446,0
2025-08-13 16:19:00,0.5380207328072149,39.60205836150668,0
2025-08-13 16:20:00,0.5392900079325416,40.31419531198643,0
2025-08-13 16:21:00,0.5212728780892483,40.350876997728335,0
2025-08-13 16:22:00,0.45165119284353933,39.93118277677959,0
2025-08-13 16:23:00,0.497614432192901,39.98695691505584,0
2025-08-13 16:24:00,0.4998198730454716,39.540667749233286,0
2025-08-13 16:25:00,0.4420817655403729,40.15427642680535,0
2025-08-13 16:26:00,0.5751699150883576,40.171617232514244,0
2025-08-13 16:27:00,0.5438681145287836,39.981342694900206,0
2025-08-13 16:28:00,0.4889517913085168,40.33730600796115,0
2025-08-13 16:29:00,0.5013442919497265,39.89977683070602,0
2025-08-13 16:30:00,0.5104191403973777,40.16938177776808,0
2025-08-13 16:31:00,0.39791325657878546,39.69410069839237,0
2025-08-13 16:32:00,0.48764113087397015,39.99293435473773,0
2025-08-13 16:33:00,0.46590078760011006,39.94769372262915,0
2025-08-13 16:34:00,0.4499189995052542,40.06759237661228,0
2025-08-13 16:35:00,0.48594498535570224,39.889141921349996,0
2025-08-13 16:36:00,0.5898843263424761,39.9605582212985,0
2025-08-13 16:37:00,0.5320421430633505,40.24781415143245,0
2025-08-13 16:38:00,0.47144105051086016,39.868970728828536,0
2025-08-13 16:39:00,0.528629139067808,39.518026869778396,0
2025-08-13 16:40:00,0.5699677718293001,40.52487517126163,0
2025-08-13 16:41:00,0.5462316841456385,40.41443622360715,0
2025-08-13 16:42:00,0.5029815184960087,39.61232119146831,0
2025-08-13 16:43:00,0.4676531611147213,40.206912341573556,0
2025-08-13 16:44:00,0.5349111656806795,39.8491075688346,0
2025-08-13 16:45:00,0.5196742692710875,40.07904616459932,0
2025-08-13 16:46:00,0.5447596610013866,40.08826723870405,0
2025-08-13 16:47:00,0.5317585900840984,39.9296776599051,0
2025-08-13 16:48:00,0.5524776357659668,39.764870300324084,0
2025-08-13 16:49:00,0.47323823942197163,39.79283768430512,0
2025-08-13 16:50:00,0.5658697032817163,39.72514242535563,0
2025-08-13 16:51:00,0.50987998023462,39.750453337530864,0
2025-08-13 16:52:00,0.6037630436312633,39.97984651298519,0
2025-08-13 16:53:00,0.4655406090955216,39.785272003266776,0
2025-08-13 16:54:00,0.5867981901582625,40.204615619713785,0
2025-08-13 16:55:00,0.5098955391731324,40.44617384660078,0
2025-08-13 16:56:00,0.4674290998192776,39.82598402758899,0
2025-08-13 16:57:00,0.4758057082972839,40.07182135016061,0
2025-08-13 16:58:00,0.483982634590284,40.14990553309088,0
2025-08-13 16:59:00,0.5212082973200958,40.14160068127578,0
2025-08-13 17:00:00,0.526141774401775,40.02278658037483,0
2025-08-13 17:01:00,0.47131499980307107,40.22280472550791,0
2025-08-13 17:02:00,0.49878227038695083,40.1446746858042,0
2025-08-13 17:03:00,0.6071135179305932,39.62870127330181,0
2025-08-13 17:04:00,0.5863771585050356,40.26074681931678,0
2025-08-13 17:05:00,0.5218161834837016,40.26618725118002,0
2025-08-13 17:06:00,0.50190017390841,39.771014168746426,0
2025-08-13 17:07:00,0.5060015663359131,40.01138135063428,0
2025-08-13 17:08:00,0.5306758986365209,40.20499869784332,0
2025-08-13 17:09:00,0.4488603717400797,39.93720585412619,0
2025-08-13 17:10:00,0.48713117312883275,40.3218934143298,0
2025-08-13 17:11:00,0.41657079630612054,40.70916174838581,0
2025-08-13 17:12:00,0.519961156130264,39.764204190209504,0
2025-08-13 17:13:00,0.532359796985137,39.58568661905387,0
2025-08-13 17:14:00,0.4758406768850313,40.09114557868146,0
2025-08-13 17:15:00,0.5786993381645016,40.216468751537846,0
2025-08-13 17:16:00,0.4387117168498829,39.93074008784657,0
2025-08-13 17:17:00,0.426781255989509,40.43597819899631,0
2025-08-13 17:18:00,0.5112225909279986,39.59841826008302,0
2025-08-13 17:19:00,0.5523549151306077,40.20787558690948,0
2025-08-13 17:20:00,0.5841963845728935,39.818241753772334,0
2025-08-13 17:21:00,0.477055786856553,40.51581337186219,0
2025-08-13 17:22:00,0.5539340416715648,40.597754605950435,0
2025-08-13 17:23:00,0.4980745765249646,39.770003023665,0
2025-08-13 17:24:00,0.491368635002959,39.83513285922743,0
2025-08-13 17:25:00,0.5441829968743336,40.25787636609394,0
2025-08-13 17:26:00,0.532616143920671,39.883860805063144,0
2025-08-13 17:27:00,0.4211803921507875,39.98637663462033,0
2025-08-13 17:28:00,0.5738270174862948,40.00761652616272,0
2025-08-13 17:29:00,0.5690045677073726,39.4240980531407,0
2025-08-13 17:30:00,0.4687218649245235,39.995848676171725,0
2025-08-13 17:31:00,0.5197901766718704,39.79308166778075,0
2025-08-13 17:32:00,0.524701509314137,39.85206315328007,0
2025-08-13 17:33:00,0.5130336882911953,40.43308960104064,0
2025-08-13 17:34:00,0.47248474230772897,39.62304793171622,0
2025-08-13 17:35:00,0.46641883160309744,40.243961556024395,0
2025-08-13 17:36:00,0.49872229645042776,39.91631112090046,0
2025-08-13 17:37:00,0.5586364509629682,39.91607194945125,0
2025-08-13 17:38:00,0.5271800077297216,40.237111568815514,0
2025-08-13 17:39:00,0.4814692833956947,40.10201538837067,0
2025-08-13 17:40:00,0.5385849355324173,40.17118389916586,0
2025-08-13 17:41:00,0.3575728689684962,40.29045539815986,0
2025-08-13 17:42:00,0.5574382850186052,39.900607485045,0
2025-08-13 17:43:00,0.413014311061095,39.81632897964767,0
2025-08-13 17:44:00,0.48187795292984337,39.67445484203266,0
2025-08-13 17:45:00,0.4440165052686928,39.75237684100632,0
2025-08-13 17:46:00,0.4352659262139547,40.88472832759262,0
2025-08-13 17:47:00,0.558041339368926,40.37340387422103,0
2025-08-13 17:48:00,0.4766149399344054,39.594677690137594,0
2025-08-13 17:49:00,0.5173251940865358,39.60326261297693,0
2025-08-13 17:50:00,0.4976539710560408,40.144559818515546,0
2025-08-13 17:51:00,0.523852041361156,40.16417943921339,0
2025-08-13 17:52:00,0.5038410945530127,40.16466515059521,0
2025-08-13 17:53:00,0.43585038879057153,39.92351326193389,0
2025-08-13 17:54:00,0.549813340972357,39.96236372199913,0
2025-08-13 17:55:00,0.4753121708419344,40.098363857247804,0
2025-08-13 17:56:00,0.42217090506701244,40.025767901888,0
2025-08-13 17:57:00,0.47859424195170436,39.33420988817574,0
2025-08-13 17:58:00,0.5750379895317156,39.93106011082744,0
2025-08-13 17:59:00,0.5425110871056746,39.7445780697219,0
2025-08-13 18:00:00,0.482567393279607,40.05256342567255,0
2025-08-13 18:01:00,0.48253711478407857,40.895577700781025,0
2025-08-13 18:02:00,0.48391824743913087,40.11024449964229,0
2025-08-13 18:03:00,0.603837399178042,39.90594109414828,0
2025-08-13 18:04:00,0.5190967726115777,40.276540450593174,0
2025-08-13 18:05:00,0.5215020823595535,40.14480636616276,0
2025-08-13 18:06:00,0.5515141727015921,40.12602834713555,0
2025-08-13 18:07:00,0.5119394579513257,40.1820551779647,0
2025-08-13 18:08:00,0.48704789270896487,40.616963069448865,0
2025-08-13 18:09:00,0.4901825075457511,39.660733469402224,0
2025-08-13 18:10:00,0.4964199370292968,40.14208962304344,0
2025-08-13 18:11:00,0.4981388881745079,39.722085661005536,0
2025-08-13 18:12:00,0.536381477181849,40.166653793902675,0
2025-08-13 18:13:00,0.5025972942903649,39.724394046554174,0
2025-08-13 18:14:00,0.5366320038607789,39.87478995591847,0
2025-08-13 18:15:00,0.4959641709945709,39.911473025728625,0
2025-08-13 18:16:00,0.5039317595158045,40.29274501580341,0
2025-08-13 18:17:00,0.4000899657733946,40.27553633318272,0
2025-08-13 18:18:00,0.5458163837351241,39.62628478706608,0
2025-08-13 18:19:00,0.5173244237948996,40.01648023329995,0
2025-08-13 18:20:00,0.5499005054929826,39.78712604357525,0
2025-08-13 18:21:00,0.3551872310903155,39.6224485267974,0
2025-08-13 18:22:00,0.6044187352390364,39.93489488487269,0
2025-08-13 18:23:00,0.49302051859224133,39.907455163463254,0
2025-08-13 18:24:00,0.5554091408368759,40.72801494590366,0
2025-08-13 18:25:00,0.44800470364372347,40.12988794760821,0
2025-08-13 18:26:00,0.5306386952531285,39.586714749773726,0
2025-08-13 18:27:00,0.4473292218413172,39.83056779874872,0
2025-08-13 18:28:00,0.46881155196520974,40.306414988628816,0
2025-08-13 18:29:00,0.5957015676933393,40.62653283186098,0
2025-08-13 18:30:00,0.49046587996183266,39.524205006328614,0
2025-08-13 18:31:00,0.5108716436589862,39.43602268445829,0
2025-08-13 18:32:00,0.5435033865344377,40.561289552611534,0
2025-08-13 18:33:00,0.5247840943986303,40.11688425321127,0
2025-08-13 18:34:00,0.5075209452571788,39.73951218043709,0
2025-08-13 18:35:00,0.5182480501233113,40.16038872583673,0
2025-08-13 18:36:00,0.6201707792619138,39.20927567829494,0
2025-08-13 18:37:00,0.49711906014832075,40.001012651979146,0
2025-08-13 18:38:00,0.5100549523357484,40.098346351852925,0
2025-08-13 18:39:00,0.5525327198003807,40.27728104186135,0
2025-08-13 18:40:00,0.5552762966478992,39.695831214312236,0
2025-08-13 18:41:00,0.559351515278019,40.02570614842101,0
2025-08-13 18:42:00,0.5319365111014592,39.72237261218213,0
2025-08-13 18:43:00,0.44284975436347584,40.07661512670229,0
2025-08-13 18:44:00,0.5816715766150549,39.73139610329109,0
2025-08-13 18:45:00,0.4426827303490656,39.877569748251936,0
2025-08-13 18:46:00,0.5151317732619517,39.70125538156293,0
2025-08-13 18:47:00,0.4622862074990321,40.1953408725471,0
2025-08-13 18:48:00,0.4967930826703504,40.257535334997,0
2025-08-13 18:49:00,0.516438120515174,39.92961382901277,0
2025-08-13 18:50:00,0.5160678607725137,40.011471398488005,0
2025-08-13 18:51:00,0.5210960377117643,39.56542257560994,0
2025-08-13 18:52:00,0.5806855634529323,39.91009700559796,0
2025-08-13 18:53:00,0.522676715075699,39.984938614887476,0
2025-08-13 18:54:00,0.48779216823546756,40.786237927308996,0
2025-08-13 18:55:00,0.5482043584144178,39.66640989226775,0
2025-08-13 18:56:00,0.559473524446232,40.43925317162573,0
2025-08-13 18:57:00,0.43861960924315035,40.29905763203974,0
2025-08-13 18:58:00,0.5298700034924929,40.084190921347044,0
2025-08-13 18:59:00,0.5350586371155449,40.52758614525854,0
2025-08-13 19:00:00,0.4851218248320004,40.11163164178206,0
2025-08-13 19:01:00,0.568785340665581,40.11674775870038,0
2025-08-13 19:02:00,0.49249722064837365,39.98406380409474,0
2025-08-13 19:03:00,0.5062788226735772,40.36707066472559,0
2025-08-13 19:04:00,0.49134640878580654,40.32894077014326,0
2025-08-13 19:05:00,0.5007789523790733,39.81229681375114,0
2025-08-13 19:06:00,0.4451862456552399,39.60422584162037,0
2025-08-13 19:07:00,0.42799745587028526,39.9391058087813,0
2025-08-13 19:08:00,0.5797252531612487,39.75998843068071,0
2025-08-13 19:09:00,0.4576519325840836,39.98094262761539,0
2025-08-13 19:10:00,0.45043038252718465,40.37123144040524,0
2025-08-13 19:11:00,0.39233049431981426,39.86280950347396,0
2025-08-13 19:12:00,0.46805191261552487,39.98715298560653,0
2025-08-13 19:13:00,0.4338455103296251,40.01740682044252,0
2025-08-13 19:14:00,0.5821007580068185,40.254529264661585,0
2025-08-13 19:15:00,0.5504908544671318,39.325933199804616,0
2025-08-13 19:16:00,0.4655924827411138,39.81798991157041,0
2025-08-13 19:17:00,0.6126217902672154,40.06338510768384,0
2025-08-13 19:18:00,0.5490882743495797,40.36002368692806,0
2025-08-13 19:19:00,0.4837584308245689,39.852429265748135,0
2025-08-13 19:20:00,0.37502971425632137,39.43703418818744,0
2025-08-13 19:21:00,0.6145471286295371,40.18591343378984,0
2025-08-13 19:22:00,0.4305213766618202,39.80939128335231,0
2025-08-13 19:23:00,0.4177300626521554,39.64310000227289,0
2025-08-13 19:24:00,0.551128521600482,39.812696383086035,0
2025-08-13 19:25:00,0.6219876203169636,39.944642392703244,0
2025-08-13 19:26:00,0.569213640925526,39.818576600638536,0
2025-08-13 19:27:00,0.528195456002618,39.33833018287028,0
2025-08-13 19:28:00,0.5297377170832643,40.26911985906614,0
2025-08-13 19:29:00,0.5426707779390154,40.38246251238362,0
2025-08-13 19:30:00,0.5379464294893382,40.19545659740185,0
2025-08-13 19:31:00,0.5140595711984688,39.658694298872554,0
2025-08-13 19:32:00,0.5052100551975938,39.93955253981574,0
2025-08-13 19:33:00,0.49687034360502386,39.998043605431164,0
2025-08-13 19:34:00,0.4623017705566662,40.17963831686858,0
2025-08-13 19:35:00,0.4859662461566613,40.20050214661543,0
2025-08-13 19:36:00,0.4153521592902307,39.77974786036645,0
2025-08-13 19:37:00,0.4950830186602625,40.02459866692407,0
2025-08-13 19:38:00,0.4505704446424541,40.13718412138457,0
2025-08-13 19:39:00,0.44482053413921147,40.43674669664403,0
2025-08-13 19:40:00,0.508994707557674,40.211351961947415,0
2025-08-13 19:41:00,0.56960011431723,40.23671700621266,0
2025-08-13 19:42:00,0.5459158303001157,40.025147988378805,0
2025-08-13 19:43:00,0.42147496981884114,40.42313774356105,0
2025-08-13 19:44:00,0.45051859317148313,40.12292883878785,0
2025-08-13 19:45:00,0.5470385593994108,39.74167362694793,0
2025-08-13 19:46:00,0.45087563032308453,40.421010991037555,0
2025-08-13 19:47:00,0.4887683425001488,40.20937098176171,0
2025-08-13 19:48:00,0.5275026049512276,39.86708679366146,0
2025-08-13 19:49:00,0.4515827772568182,39.856152109780226,0
2025-08-13 19:50:00,0.505268775307298,40.08897266354223,0
2025-08-13 19:51:00,0.43329872525408974,40.138955438580275,0
2025-08-13 19:52:00,0.4699316178024393,40.05918767968936,0
2025-08-13 19:53:00,0.5159890967071269,40.093392602032864,0
2025-08-13 19:54:00,0.42035031332341655,40.50998721237291,0
2025-08-13 19:55:00,0.52202373689802,40.32146294567047,0
2025-08-13 19:56:00,0.4990181100536659,40.05719067737951,0
2025-08-13 19:57:00,0.5276244977208574,40.28239317423024,0
2025-08-13 19:58:00,0.5111957067032331,39.69024282894174,0
2025-08-13 19:59:00,0.5682070214986922,40.119378114984045,0
2025-08-13 20:00:00,0.5062612251323954,40.54279190491993,0
2025-08-13 20:01:00,0.47852972294373736,39.93458623138229,0
2025-08-13 20:02:00,0.5061148751516142,39.74570982141427,0
2025-08-13 20:03:00,0.5271649014518194,39.804373333422085,0
2025-08-13 20:04:00,0.5024430035162852,39.67311008879728,0
2025-08-13 20:05:00,0.5020295845601941,39.76457142756169,0
2025-08-13 20:06:00,0.4649004156096622,39.88884757042299,0
2025-08-13 20:07:00,0.4668549541224526,39.57832989424641,0
2025-08-13 20:08:00,0.4298697364100153,40.004685500184884,0
2025-08-13 20:09:00,0.587478837159347,40.270683152135994,0
2025-08-13 20:10:00,0.43780683823043576,39.727673145955926,0
2025-08-13 20:11:00,0.4653547401102046,40.45578517709253,0
2025-08-13 20:12:00,0.4640796367215401,40.15323762655828,0
2025-08-13 20:13:00,0.5447462188472221,40.30917417568722,0
2025-08-13 20:14:00,0.4852525160853986,39.80264963384436,0
2025-08-13 20:15:00,0.5623871036336867,40.25635756811999,0
2025-08-13 20:16:00,0.46632546878780656,39.672419829881406,0
2025-08-13 20:17:00,0.5139497081111901,40.26707425025095,0
2025-08-13 20:18:00,0.45823264733701213,40.05155180193806,0
2025-08-13 20:19:00,0.6072574563886695,40.165975365995436,0
2025-08-13 20:20:00,0.44062007904852435,39.647321618312546,0
2025-08-13 20:21:00,0.5154910355113513,39.731479047317016,0
2025-08-13 20:22:00,0.5316888440466049,40.17916846547602,0
2025-08-13 20:23:00,0.520689954872575,39.71549559873274,0
2025-08-13 20:24:00,0.49073561705611457,40.13896188762973,0
2025-08-13 20:25:00,0.4935089650133287,39.58985865806193,0
2025-08-13 20:26:00,0.5021905735989555,40.2544522638,0
2025-08-13 20:27:00,0.49264989991857555,39.63024300556945,0
2025-08-13 20:28:00,0.5481939558397455,40.165689981303856,0
2025-08-13 20:29:00,0.6105261500795676,40.1876892800938,0
2025-08-13 20:30:00,0.47212541074960834,39.79096845447113,0
2025-08-13 20:31:00,0.4315098510210461,40.174607970125415,0
2025-08-13 20:32:00,0.49558589758243726,40.07813267900006,0
2025-08-13 20:33:00,0.628985466882716,39.838347443142176,0
2025-08-13 20:34:00,0.45981627160151345,39.69743359477714,0
2025-08-13 20:35:00,0.5819558402722034,39.41121229249823,0
2025-08-13 20:36:00,0.5838850407038221,40.10489501418991,0
2025-08-13 20:37:00,0.4723205879146003,39.53055916859138,0
2025-08-13 20:38:00,0.5284491539592637,40.028603259832394,0
2025-08-13 20:39:00,0.5814198311564269,39.92096553517533,0
2025-08-13 20:40:00,0.48104361295062564,40.203742832631455,0
2025-08-13 20:41:00,0.4898209819948819,39.90938635015304,0
2025-08-13 20:42:00,0.47091595430256783,39.90116566409587,0
2025-08-13 20:43:00,0.44926216346535663,40.21956121128649,0
2025-08-13 20:44:00,0.46753612274669964,40.10051740872524,0
2025-08-13 20:45:00,0.43880298666188716,40.094846787154836,0
2025-08-13 20:46:00,0.5017041734129613,40.14078027694256,0
2025-08-13 20:47:00,0.4615013384470679,39.53932836303787,0
2025-08-13 20:48:00,0.5116892955895374,40.2270366039961,0
2025-08-13 20:49:00,0.4222052176898186,40.18374063820408,0
2025-08-13 20:50:00,0.5165440116107228,39.69499506142705,0
2025-08-13 20:51:00,0.5416764480804462,39.92677585789774,0
2025-08-13 20:52:00,0.4003132178714272,39.98820781371171,0
2025-08-13 20:53:00,0.5187028284923786,39.95965096467948,0
2025-08-13 20:54:00,0.5613834496236646,40.10015798997056,0
2025-08-13 20:55:00,0.43951794906543973,40.429410034549356,0
2025-08-13 20:56:00,0.5836286193418851,40.32453001830185,0
2025-08-13 20:57:00,0.5209509504683023,39.60633424197058,0
2025-08-13 20:58:00,0.4647494072120796,40.186620997091815,0
2025-08-13 20:59:00,0.4972115461171147,40.398679995860626,0
2025-08-13 21:00:00,0.5279163456260861,40.11604255620676,0
2025-08-13 21:01:00,0.5038002695706206,40.32729412755579,0
2025-08-13 21:02:00,0.5269377996223185,40.60368113371023,0
2025-08-13 21:03:00,0.4539663203460317,40.307112863832096,0
2025-08-13 21:04:00,0.5084680412018039,40.07479257869252,0
2025-08-13 21:05:00,0.42931427515475096,40.313526542225425,0
2025-08-13 21:06:00,0.494438696932565,40.04346634992907,0
2025-08-13 21:07:00,0.4548046179267605,40.00717091298549,0
2025-08-13 21:08:00,0.46322350287051167,39.89457572928588,0
2025-08-13 21:09:00,0.5618046587605219,40.46902400764963,0
2025-08-13 21:10:00,0.5545655060297134,39.7544714002174,0
2025-08-13 21:11:00,0.5304569060453589,40.459710317403434,0
2025-08-13 21:12:00,0.44538436176637103,40.14995923712211,0
2025-08-13 21:13:00,0.4841795775152599,39.58020814755942,0
2025-08-13 21:14:00,0.5606548849989592,40.11029478789742,0
2025-08-13 21:15:00,0.5070858456819952,39.369992047704514,0
2025-08-13 21:16:00,0.6159664769990847,40.18765240504931,0
2025-08-13 21:17:00,0.5196658919697186,40.2655694448967,0
2025-08-13 21:18:00,0.5096024558245016,39.822293213304384,0
2025-08-13 21:19:00,0.48454417678987494,40.037064308786675,0
2025-08-13 21:20:00,0.5066770452391142,40.58624723012509,0
2025-08-13 21:21:00,0.4923765081809728,39.84827598872142,0
2025-08-13 21:22:00,0.5354054338344295,39.68232772388302,0
2025-08-13 21:23:00,0.5478351158397292,40.44449902073878,0
2025-08-13 21:24:00,0.4607005269746025,40.58877615715924,0
2025-08-13 21:25:00,0.4334383523221111,40.00110870155435,0
2025-08-13 21:26:00,0.40818973134483516,40.3034389106225,0
2025-08-13 21:27:00,0.5253995663456272,40.402442774659264,0
2025-08-13 21:28:00,0.44483166969130633,39.77725473023848,0
2025-08-13 21:29:00,0.39235547035237583,39.85440824938964,0
2025-08-13 21:30:00,0.5194289302265482,40.36926235394642,0
2025-08-13 21:31:00,0.6246499758716395,40.50550428361255,0
2025-08-13 21:32:00,0.4996964544230053,40.16886425805231,0
2025-08-13 21:33:00,0.5419245387225821,39.73605569394938,0
2025-08-13 21:34:00,0.5040914679273782,40.596118333509835,0
2025-08-13 21:35:00,0.49505551734044284,39.84070873065641,0
2025-08-13 21:36:00,0.5459538241493884,39.89945866564857,0
2025-08-13 21:37:00,0.48548627279056744,40.102701350346884,0
2025-08-13 21:38:00,0.5133696157035952,40.46624812621443,0
2025-08-13 21:39:00,0.5160848903098006,40.25619279296567,0
2025-08-13 21:40:00,1.1276170942767698,42.724725479345516,1
2025-08-13 21:41:00,1.2140173622916184,42.41429469908766,1
2025-08-13 21:42:00,1.1300347826447334,41.43977595905588,1
2025-08-13 21:43:00,1.2307882286082834,42.22423323888667,1
2025-08-13 21:44:00,1.3931582661139768,41.968721921108155,1
2025-08-13 21:45:00,1.0936722166424437,43.09165827950286,1
2025-08-13 21:46:00,1.5096241566717385,43.27487156679432,1
2025-08-13 21:47:00,1.4069442173253237,43.70007860570841,1
2025-08-13 21:48:00,1.5865873613591917,42.781371704349795,1
2025-08-13 21:49:00,1.6819211424700589,43.85660644811059,1
2025-08-13 21:50:00,1.4487607695191833,43.66893514808312,1
2025-08-13 21:51:00,1.6058416506146955,45.10817232171679,1
2025-08-13 21:52:00,1.7252708924786797,44.274567433582014,1
2025-08-13 21:53:00,1.6828484965384836,44.83122033920871,1
2025-08-13 21:54:00,1.956062570627132,44.41766912181747,1
2025-08-13 21:55:00,1.6795002097690435,45.58115769990406,1
2025-08-13 21:56:00,1.7706768183847243,45.86142110928915,1
2025-08-13 21:57:00,1.9333827961476926,45.55146701801915,1
2025-08-13 21:58:00,1.826232514207504,45.28836446839471,1
2025-08-13 21:59:00,1.9767243893161268,46.37417790725355,1
2025-08-13 22:00:00,2.1089367967288473,45.937976693836966,1
2025-08-13 22:01:00,2.1162755203565085,46.49417540930467,1
2025-08-13 22:02:00,2.158931247001922,47.60616758921125,1
2025-08-13 22:03:00,2.1919046914592935,47.06378067918871,1
2025-08-13 22:04:00,2.1210074590531987,46.63422525958461,1
2025-08-13 22:05:00,2.2513347107649486,47.55501699062542,1
2025-08-13 22:06:00,2.4951932041404534,46.6766787920429,1
2025-08-13 22:07:00,2.410020400676878,47.96107896769171,1
2025-08-13 22:08:00,2.426144238685264,47.81396255685474,1
2025-08-13 22:09:00,2.612089224832009,46.95486980392344,1
2025-08-13 22:10:00,2.5111429535009764,47.51119640262587,1
2025-08-13 22:11:00,2.8414459686542366,47.993431406640404,1
2025-08-13 22:12:00,2.668535095070129,48.36064044159742,1
2025-08-13 22:13:00,2.945414304443716,47.69990681186225,1
2025-08-13 22:14:00,2.690540329717963,49.021502214892436,1
2025-08-13 22:15:00,2.970080098828085,49.21976133594653,1
2025-08-13 22:16:00,2.9006915700725853,49.21062689287751,1
2025-08-13 22:17:00,2.9427446268249318,49.139398605903175,1
2025-08-13 22:18:00,2.955275655790305,50.30069609812204,1
2025-08-13 22:19:00,2.983667949311329,50.97153601196996,1
2025-08-13 22:20:00,0.5080286990524933,40.262355122239754,0
2025-08-13 22:21:00,0.5001523010076707,39.805070431945516,0
2025-08-13 22:22:00,0.5218469084873175,39.63903974338326,0
2025-08-13 22:23:00,0.5595323137393171,39.68738667632707,0
2025-08-13 22:24:00,0.5474777067720662,39.85383912364152,0
2025-08-13 22:25:00,0.42575510157750485,39.894423604655046,0
2025-08-13 22:26:00,0.37230394325490224,39.76900118014076,0
2025-08-13 22:27:00,0.5467159955619637,39.61116500072503,0
2025-08-13 22:28:00,0.43165606507922893,39.863163751757746,0
2025-08-13 22:29:00,0.4887617299053658,40.05442798603419,0
2025-08-13 22:30:00,0.441494348697032,40.17850883975067,0
2025-08-13 22:31:00,0.409900978120999,39.832773084067504,0
2025-08-13 22:32:00,0.5270731364102395,39.87610065335697,0
2025-08-13 22:33:00,0.5379577580151323,39.72199050734581,0
2025-08-13 22:34:00,0.471174479963664,39.99056824888757,0
2025-08-13 22:35:00,0.37044788539275453,39.745471409742755,0
2025-08-13 22:36:00,0.47268777758737585,40.17193834397236,0
2025-08-13 22:37:00,0.5195902002701274,39.46424005241977,0
2025-08-13 22:38:00,0.4260544215612936,39.89211109826426,0
2025-08-13 22:39:00,0.5091679959889578,40.09033220175752,0
2025-08-13 22:40:00,0.49923450754135024,40.05515035489675,0
2025-08-13 22:41:00,0.5289645749800544,40.807910099194146,0
2025-08-13 22:42:00,0.5059790184207077,40.104940007370374,0
2025-08-13 22:43:00,0.45134655295592224,39.698783620947395,0
2025-08-13 22:44:00,0.5598285750832246,39.971360725873275,0
2025-08-13 22:45:00,0.4920735213486515,39.46712609996006,0
2025-08-13 22:46:00,0.49863477302450343,39.97582007521097,0
2025-08-13 22:47:00,0.4533366020463402,39.75008318289977,0
2025-08-13 22:48:00,0.4778358874404245,40.27461708266805,0
2025-08-13 22:49:00,0.45575986429865495,39.83513791762134,0
2025-08-13 22:50:00,0.49135269700382883,39.964970225261425,0
2025-08-13 22:51:00,0.5855854240071172,39.80933264757868,0
2025-08-13 22:52:00,0.43140494285343217,40.521655405556,0
2025-08-13 22:53:00,0.4193219301061629,39.903627170164626,0
2025-08-13 22:54:00,0.5735585163746805,40.549767113043764,0
2025-08-13 22:55:00,0.4895338161424067,40.24424552863548,0
2025-08-13 22:56:00,0.46654636306700414,40.14462001820061,0
2025-08-13 22:57:00,0.5519952343698038,40.11061994419526,0
2025-08-13 22:58:00,0.4697192230131568,40.11813918946488,0
2025-08-13 22:59:00,0.5913004856773468,39.42169822619632,0
2025-08-13 23:00:00,0.5338962935669634,39.91633498175477,0
2025-08-13 23:01:00,0.4756044295927149,40.2535473913553,0
2025-08-13 23:02:00,0.6078654106632752,39.985330844957765,0
2025-08-13 23:03:00,0.46971425384983306,39.57844304595893,0
2025-08-13 23:04:00,0.5371047686004653,39.98427866482676,0
2025-08-13 23:05:00,0.5149646290203246,40.511231654876646,0
2025-08-13 23:06:00,0.56508706446994,40.37406751466042,0
2025-08-13 23:07:00,0.5780755598363426,39.98139879719019,0
2025-08-13 23:08:00,0.5016002074532884,40.285434783117424,0
2025-08-13 23:09:00,0.4623291064826908,39.89004789388959,0
2025-08-13 23:10:00,0.5229986071469558,39.48883852395198,0
2025-08-13 23:11:00,0.46611423151239467,39.722660203561134,0
2025-08-13 23:12:00,0.6006693623763312,40.46886663055246,0
2025-08-13 23:13:00,0.5068267665541368,39.917802075451206,0
2025-08-13 23:14:00,0.48173392243439456,39.9269848061875,0
2025-08-13 23:15:00,0.5092340152932454,39.91004854111753,0
2025-08-13 23:16:00,0.4326436855235152,40.571240976871906,0
2025-08-13 23:17:00,0.4514192980744674,40.48778767460862,0
2025-08-13 23:18:00,0.5600206953972213,40.66563407003444,0
2025-08-13 23:19:00,0.4671552860514302,39.95228643687999,0
2025-08-13 23:20:00,0.447654450865903,40.08868734662413,0
2025-08-13 23:21:00,0.5268326376263643,39.54500723517376,0
2025-08-13 23:22:00,0.5592852077331498,40.44308032783548,0
2025-08-13 23:23:00,0.5359476655332533,39.64966613461962,0
2025-08-13 23:24:00,0.5498023842902908,40.06503266912879,0
2025-08-13 23:25:00,0.46216024557152696,39.670809241710145,0
2025-08-13 23:26:00,0.4289094666629078,39.82333995197839,0
2025-08-13 23:27:00,0.5750666825977744,39.74882127068509,0
2025-08-13 23:28:00,0.4838660080578932,39.81763742179726,0
2025-08-13 23:29:00,0.4874583491772476,39.838263189055304,0
2025-08-13 23:30:00,0.5664097070924529,39.83551936152248,0
2025-08-13 23:31:00,0.527811500470033,40.25000017353409,0
2025-08-13 23:32:00,0.5227943886040803,39.66854116208125,0
2025-08-13 23:33:00,0.6082501172450542,40.06616242810416,0
2025-08-13 23:34:00,0.46782408848099283,40.36538774569167,0
2025-08-13 23:35:00,0.5463920064040618,39.84604109064598,0
2025-08-13 23:36:00,0.5028506562448543,39.78462433277572,0
2025-08-13 23:37:00,0.5134296139431629,39.93084261244592,0
2025-08-13 23:38:00,0.5764234213206266,40.353917562508215,0
2025-08-13 23:39:00,0.5253917878144811,40.05823228928601,0
2025-08-13 23:40:00,0.5269148039524817,39.84063571161772,0
2025-08-13 23:41:00,0.5536253668654901,40.145162995356415,0
2025-08-13 23:42:00,0.4817523635228557,39.66931235504907,0
2025-08-13 23:43:00,0.45803951663304965,40.204407853132885,0
2025-08-13 23:44:00,0.4477595402989483,40.12258219231053,0
2025-08-13 23:45:00,0.4016821705311999,39.907657458658335,0
2025-08-13 23:46:00,0.6028103564970161,39.74842426046583,0
2025-08-13 23:47:00,0.44483958171391585,39.73399572331496,0
2025-08-13 23:48:00,0.4889373188207114,40.16044520090377,0
2025-08-13 23:49:00,0.48615933500555397,40.36869415074672,0
2025-08-13 23:50:00,0.515370334890455,39.80880767589136,0
2025-08-13 23:51:00,0.5407868606269648,40.13751601106544,0
2025-08-13 23:52:00,0.5430236744179873,39.37389189441938,0
2025-08-13 23:53:00,0.47084612807155307,39.82461468080284,0
2025-08-13 23:54:00,0.49164391431067944,39.99068232013873,0
2025-08-13 23:55:00,0.514128997524415,39.72709497490545,0
2025-08-13 23:56:00,0.48756544369082266,39.719048087563124,0
2025-08-13 23:57:00,0.5803672788009997,39.79966613305933,0
2025-08-13 23:58:00,0.5245487475819126,40.08765781849791,0
2025-08-13 23:59:00,0.5367438893024908,39.943801294478085,0
